11/07/2015,2,3,34,43,49,50,38,13156375,,,,,,,
11/04/2015,11,13,18,25,29,47,59,8842605,,,,,,,
10/31/2015,26,39,41,42,55,59,16,6677278,,,,,,,
10/28/2015,26,36,41,46,49,52,9,2319221,,,,,,,
10/24/2015,29,31,43,55,58,59,11,4307602,,,,,,,
10/21/2015,13,14,21,25,51,53,39,14612465,,,,,,,
10/17/2015,8,30,37,40,46,50,36,12110605,,,,,,,
10/14/2015,7,13,20,27,39,52,35,7875986,,,,,,,
10/10/2015,2,3,16,32,53,54,8,5279697,,,,,,,
10/07/2015,5,7,11,30,44,49,25,3348134,,,,,,,
10/03/2015,7,8,9,14,35,44,4,3049537,,,,,,,
09/30/2015,5,8,11,17,40,45,6,1621605,,,,,,,
09/26/2015,9,17,31,33,41,42,26,5142260,,,,,,,
09/23/2015,9,17,21,23,35,36,37,1919343,,,,,,,
09/19/2015,14,26,28,31,32,44,22,2012794,,,,,,,
09/16/2015,12,14,21,22,37,43,36,2237284,,,,,,,
09/12/2015,14,20,28,31,40,46,44,4668787,,,,,,,
09/09/2015,6,18,20,21,29,31,3,1782588,,,,,,,
09/05/2015,24,29,33,40,43,49,22,5006137,,,,,,,
09/02/2015,2,9,27,29,33,40,46,4993453,,,,,,,
08/29/2015,12,18,23,33,42,43,10,3916107,,,,,,,
08/26/2015,3,4,7,18,48,49,32,3807818,,,,,,,
08/22/2015,7,19,22,28,40,44,31,3034662,,,,,,,
08/19/2015,5,6,7,25,27,33,34,1214870,,,,,,,
08/15/2015,4,8,10,21,41,49,28,4386276,,,,,,,
12/08/2015,6,15,17,20,24,25,37,1646305,,,,,,,
08/08/2015,6,22,28,30,39,44,33,3912064,,,,,,,
05/08/2015,5,8,12,28,39,41,18,5839203,,,,,,,
01/08/2015,1,16,27,42,46,47,24,4789857,,,,,,,
07/29/2015,18,21,31,42,45,47,19,2573569,,,,,,,
07/25/2015,2,4,5,15,20,48,37,7544754,,,,,,,
07/22/2015,7,23,26,33,38,45,29,5595590,,,,,,,
07/18/2015,8,15,17,33,41,47,35,4269704,,,,,,,
07/15/2015,4,7,14,21,22,29,41,886754,,,,,,,
07/11/2015,6,12,32,36,38,47,1,4805874,,,,,,,
07/08/2015,3,10,35,38,40,41,27,2604015,,,,,,,
07/04/2015,13,14,35,39,46,49,3,5517016,,,,,,,
07/01/2015,4,10,13,18,29,33,49,1670202,,,,,,,
06/27/2015,2,4,8,21,30,38,22,3343592,,,,,,,
06/24/2015,14,23,28,33,35,42,4,5872705,,,,,,,
06/20/2015,1,6,23,25,32,35,27,4255281,,,,,,,
06/17/2015,2,8,12,15,21,42,22,12903324,,,,,,,
06/13/2015,18,23,25,37,39,47,17,11267625,,,,,,,
06/10/2015,23,29,30,39,42,49,5,7847797,,,,,,,
06/06/2015,10,14,19,24,28,33,6,5632963,,,,,,,
06/03/2015,17,32,39,40,43,49,2,2859050,,,,,,,
05/30/2015,6,7,23,27,38,49,24,3488349,,,,,,,
05/27/2015,12,27,28,39,41,48,3,13538113,,,,,,,
05/23/2015,1,8,22,30,34,40,25,10834187,,,,,,,
05/20/2015,6,9,22,38,39,41,37,7714351,,,,,,,
05/16/2015,7,11,15,32,46,48,17,5799595,,,,,,,
12/31/2014,12,18,22,37,38,49,35,6688109,,,,,,,
12/27/2014,11,23,28,30,32,46,49,4154032,,,,,,,
12/24/2014,7,9,13,44,47,48,22,8197213,,,,,,,
12/20/2014,18,22,23,32,40,42,28,4983828,,,,,,,
12/17/2014,2,19,24,33,35,46,12,15010730,,,,,,,
12/13/2014,18,30,33,34,38,48,36,12244311,,,,,,,
12/10/2014,14,15,31,36,42,47,1,8466374,,,,,,,
12/06/2014,19,23,40,43,45,49,8,6295958,,,,,,,
12/03/2014,4,17,19,25,35,37,7,2059185,,,,,,,
11/29/2014,6,11,18,19,38,42,17,3592162,,,,,,,
11/26/2014,26,28,29,30,41,49,31,2640517,,,,,,,
11/22/2014,2,3,5,15,22,29,26,7584256,,,,,,,
11/19/2014,2,15,35,36,38,39,4,5905060,,,,,,,
11/15/2014,5,26,28,30,42,44,40,3884456,,,,,,,
11/12/2014,5,9,10,13,41,44,39,1709052,,,,,,,
11/08/2014,6,7,22,27,35,42,1,3327004,,,,,,,
11/05/2014,2,5,21,25,34,36,28,2128101,,,,,,,
11/01/2014,3,5,9,28,35,47,14,8850906,,,,,,,
10/29/2014,13,14,17,25,31,49,18,7059487,,,,,,,
10/25/2014,11,15,17,30,43,49,3,5708496,,,,,,,
10/22/2014,5,24,28,36,42,47,8,2214880,,,,,,,
10/18/2014,1,22,30,33,40,47,42,4894097,,,,,,,
10/15/2014,6,19,24,26,42,43,23,2059716,,,,,,,
10/11/2014,2,5,8,23,26,32,18,2886366,,,,,,,
10/08/2014,4,27,28,29,34,43,20,2263686,,,,,,,
10/04/2014,4,18,24,34,36,48,10,4300392,,,,,,,
10/01/2014,1,4,5,7,18,47,6,1265065,,,,,,,
09/27/2014,1,3,7,19,20,46,15,4545164,,,,,,,
09/24/2014,4,8,29,33,38,48,15,2276815,,,,,,,
09/20/2014,2,6,22,26,33,48,43,3955683,,,,,,,
09/17/2014,9,19,22,34,41,46,6,13712661,,,,,,,
09/13/2014,12,15,22,29,30,35,44,10827987,,,,,,,
09/10/2014,13,16,18,24,31,43,2,8146335,,,,,,,
09/06/2014,11,29,32,37,40,48,14,6545800,,,,,,,
09/03/2014,12,22,23,27,34,35,25,2351598,,,,,,,
08/30/2014,1,19,20,30,35,46,40,6441879,,,,,,,
08/27/2014,5,17,29,36,37,49,2,2260458,,,,,,,
08/23/2014,1,7,11,38,41,42,45,7775405,,,,,,,
08/20/2014,6,12,15,24,35,47,22,5492819,,,,,,,
08/16/2014,1,3,25,33,36,42,14,4246740,,,,,,,
08/13/2014,5,9,11,20,23,30,45,720152,,,,,,,
09/08/2014,16,36,40,43,45,47,10,7087472,,,,,,,
06/08/2014,17,21,29,33,35,46,28,2472288,,,,,,,
02/08/2014,13,23,28,37,42,45,25,4415154,,,,,,,
07/30/2014,2,5,11,22,24,42,1,1218412,,,,,,,
07/26/2014,8,14,22,26,35,37,11,4202465,,,,,,,
07/23/2014,14,18,20,30,43,47,35,2498916,,,,,,,
07/19/2014,5,9,14,25,34,38,40,3689940,,,,,,,
07/16/2014,4,11,22,27,47,49,33,1688532,,,,,,,
07/12/2014,3,19,23,28,37,43,34,3574539,,,,,,,
07/09/2014,3,8,11,12,39,43,18,4661490,,,,,,,
07/05/2014,8,15,23,24,28,34,9,3728484,,,,,,,
07/02/2014,1,18,20,38,43,48,42,2854220,,,,,,,
06/28/2014,8,12,28,30,43,49,42,5227520,,,,,,,
06/25/2014,5,15,19,25,34,36,40,1950787,,,,,,,
06/21/2014,3,7,13,17,27,40,19,3119984,,,,,,,
06/18/2014,10,11,18,23,26,37,6,1792178,,,,,,,
06/14/2014,9,18,22,23,29,33,15,3447723,,,,,,,
06/11/2014,11,13,14,28,40,42,48,2148950,,,,,,,
06/07/2014,5,10,16,23,31,44,37,4795530,,,,,,,
06/04/2014,14,19,30,31,47,48,16,2575685,,,,,,,
05/31/2014,7,9,18,24,39,40,4,3885318,,,,,,,
05/28/2014,18,26,32,36,40,45,21,2915369,,,,,,,
05/24/2014,10,31,35,40,41,44,46,5340060,,,,,,,
05/21/2014,2,5,9,28,29,48,36,1474574,,,,,,,
05/17/2014,10,19,20,33,43,46,25,7047302,,,,,,,
05/14/2014,15,26,29,35,36,41,19,2795497,,,,,,,
05/10/2014,3,5,8,10,16,17,46,3515436,,,,,,,
05/07/2014,16,17,22,38,44,49,14,2363859,,,,,,,
05/03/2014,1,7,9,27,30,48,28,4767860,,,,,,,
04/30/2014,9,25,34,37,44,45,6,2577562,,,,,,,
04/26/2014,17,22,23,33,36,42,12,4496272,,,,,,,
04/23/2014,16,18,29,34,35,39,40,7523602,,,,,,,
04/19/2014,13,20,31,34,36,44,11,5323200,,,,,,,
04/16/2014,1,6,10,23,25,40,32,1679725,,,,,,,
04/12/2014,4,17,22,26,31,47,32,8781364,,,,,,,
04/09/2014,8,17,20,32,41,43,9,6301902,,,,,,,
04/05/2014,3,7,20,31,43,45,41,4334793,,,,,,,
04/02/2014,14,16,20,38,39,45,23,2904130,,,,,,,
03/29/2014,8,14,16,21,47,49,29,4637560,,,,,,,
03/26/2014,20,29,33,35,37,40,5,7606458,,,,,,,
03/22/2014,17,20,28,39,43,44,40,5199620,,,,,,,
03/19/2014,4,21,25,27,31,49,26,2028238,,,,,,,
03/15/2014,14,19,22,25,38,48,8,6235392,,,,,,,
03/12/2014,11,12,16,20,35,46,34,2455221,,,,,,,
03/08/2014,2,9,12,26,31,44,5,2996753,,,,,,,
03/05/2014,1,4,5,8,25,46,30,1563684,,,,,,,
03/01/2014,4,9,10,13,29,40,45,4358812,,,,,,,
02/26/2014,3,10,11,24,25,35,43,1621069,,,,,,,
02/22/2014,19,23,34,35,39,49,33,7647028,,,,,,,
02/19/2014,17,19,35,37,46,48,2,3034430,,,,,,,
02/15/2014,15,17,19,22,33,40,27,5650135,,,,,,,
02/12/2014,3,7,20,24,30,39,48,1810601,,,,,,,
02/08/2014,8,25,27,36,39,44,4,6497209,,,,,,,
02/05/2014,12,13,28,33,46,49,29,2694454,,,,,,,
02/01/2014,27,34,35,36,41,48,29,5710291,,,,,,,
01/29/2014,9,29,37,38,42,46,35,2793464,,,,,,,
01/25/2014,4,15,21,30,41,49,11,4865460,,,,,,,
01/22/2014,2,6,9,18,24,35,19,1563904,,,,,,,
01/18/2014,7,12,23,27,30,31,33,2708045,,,,,,,
01/15/2014,4,11,13,24,32,46,19,2226421,,,,,,,
01/11/2014,22,23,25,27,28,46,24,7505717,,,,,,,
01/08/2014,19,23,31,36,45,46,27,3097936,,,,,,,
01/04/2014,4,11,18,28,41,44,8,"£0 Roll Down",,,,,,,
01/01/2014,9,12,16,22,26,48,14,11313452,,,,,,,
12/28/2013,16,24,25,30,34,45,49,10299405,,,,,,,
12/25/2013,4,8,9,10,21,24,31,6987524,,,,,,,
12/21/2013,12,18,25,28,33,40,17,4439965,,,,,,,
12/18/2013,2,7,25,35,40,42,13,7984754,,,,,,,
12/14/2013,13,21,24,29,35,41,8,6070559,,,,,,,
12/11/2013,1,8,10,14,18,37,27,1864575,,,,,,,
12/07/2013,10,12,17,28,30,42,25,3517994,,,,,,,
12/04/2013,6,12,16,18,21,29,26,7571020,,,,,,,
11/30/2013,9,16,19,31,36,37,15,6588733,,,,,,,
11/27/2013,15,19,22,25,42,48,14,2459533,,,,,,,
11/23/2013,12,16,22,35,38,48,15,6301183,,,,,,,
11/20/2013,5,11,15,23,35,39,44,1913777,,,,,,,
11/16/2013,3,19,21,30,41,47,38,5701968,,,,,,,
11/13/2013,4,6,15,23,36,44,11,1914904,,,,,,,
11/09/2013,1,2,6,29,32,47,13,4803934,,,,,,,
11/06/2013,5,6,14,18,29,33,7,2042488,,,,,,,
11/02/2013,10,28,32,36,37,49,27,7959312,,,,,,,
10/30/2013,20,23,26,29,34,41,32,2949764,,,,,,,
10/26/2013,10,14,20,22,45,49,9,5206351,,,,,,,
10/23/2013,10,18,27,37,41,47,33,2665302,,,,,,,
10/19/2013,3,12,19,21,29,31,15,4860213,,,,,,,
10/16/2013,12,15,24,26,31,35,36,2500000,,,,,,,
10/12/2013,5,12,21,26,33,45,35,10000000,,,,,,,
10/09/2013,4,11,27,34,36,45,9,2427084,,,,,,,
10/05/2013,5,15,17,19,20,47,38,10000000,,,,,,,
10/02/2013,16,17,21,27,30,37,15,1969122,,,,,,,
09/28/2013,10,12,14,25,46,48,31,3777260,,,,,,,
09/25/2013,5,7,20,24,30,41,37,6175986,,,,,,,
09/21/2013,11,15,36,37,38,45,9,4119018,,,,,,,
09/18/2013,2,4,5,17,22,29,14,8245874,,,,,,,
09/14/2013,18,20,24,30,39,48,46,6305959,,,,,,,
09/11/2013,7,24,27,31,40,41,33,2084895,,,,,,,
09/07/2013,1,11,12,13,35,42,5,3676642,,,,,,,
09/04/2013,6,7,8,13,24,28,18,1449365,,,,,,,
08/31/2013,4,14,15,17,21,31,48,3416238,,,,,,,
08/28/2013,1,5,17,19,37,47,11,6252743,,,,,,,
08/24/2013,5,20,26,40,42,48,1,4101234,,,,,,,
08/21/2013,3,4,27,29,47,49,23,1982520,,,,,,,
08/17/2013,15,25,26,33,34,41,43,6676215,,,,,,,
08/14/2013,12,18,38,39,45,49,19,2298119,,,,,,,
10/08/2013,14,15,17,26,35,46,18,12421424,,,,,,,
07/08/2013,3,16,20,26,28,43,15,7622452,,,,,,,
03/08/2013,3,5,9,13,17,37,15,5042671,,,,,,,
07/31/2013,10,16,33,38,40,44,32,2148149,,,,,,,
07/27/2013,12,13,18,39,43,49,37,6492541,,,,,,,
07/24/2013,22,26,30,40,42,47,4,2295221,,,,,,,
07/20/2013,1,3,17,19,39,42,31,5819806,,,,,,,
07/17/2013,6,24,33,38,42,43,11,2152483,,,,,,,
07/13/2013,12,15,24,36,45,49,32,3782812,,,,,,,
07/10/2013,3,9,10,16,20,22,35,1541920,,,,,,,
07/06/2013,16,24,27,39,45,49,44,3998105,,,,,,,
07/03/2013,15,27,31,40,41,49,1,2374046,,,,,,,
06/29/2013,7,13,25,31,34,45,4,6053028,,,,,,,
06/26/2013,8,11,29,34,40,41,35,2235126,,,,,,,
06/22/2013,8,24,26,28,36,43,34,3806512,,,,,,,
06/19/2013,6,9,13,35,36,47,31,2084619,,,,,,,
06/15/2013,3,4,16,20,33,44,27,3579810,,,,,,,
06/12/2013,2,7,10,15,17,28,24,1394043,,,,,,,
06/08/2013,8,9,13,17,41,43,14,3701093,,,,,,,
06/05/2013,10,18,35,38,41,43,21,2346087,,,,,,,
06/01/2013,11,13,24,32,34,47,9,4042758,,,,,,,
05/29/2013,3,5,25,33,34,35,14,6123375,,,,,,,
05/25/2013,5,6,26,30,33,40,43,3801731,,,,,,,
05/22/2013,10,23,35,39,45,46,1,2351406,,,,,,,
05/18/2013,3,5,24,31,48,49,15,3753310,,,,,,,
05/15/2013,4,5,6,20,30,35,34,8379678,,,,,,,
05/11/2013,9,12,24,25,26,43,3,5880153,,,,,,,
05/08/2013,12,15,20,31,33,40,38,2201873,,,,,,,
05/04/2013,11,12,22,27,40,44,37,3503856,,,,,,,
05/01/2013,7,8,11,12,39,42,2,1775186,,,,,,,
04/27/2013,1,13,25,39,41,44,26,6147975,,,,,,,
04/24/2013,9,11,16,17,18,38,47,1842395,,,,,,,
04/20/2013,8,34,38,42,44,46,14,4136552,,,,,,,
04/17/2013,12,14,16,18,20,33,35,2115548,,,,,,,
04/13/2013,3,13,23,27,41,49,6,5748880,,,,,,,
04/10/2013,3,16,27,33,36,42,12,2023093,,,,,,,
04/06/2013,11,21,22,41,47,48,36,4217690,,,,,,,
04/03/2013,5,11,21,32,42,48,28,2024512,,,,,,,
03/30/2013,8,15,24,40,43,45,33,4293105,,,,,,,
03/27/2013,8,10,22,24,37,44,2,1922325,,,,,,,
03/23/2013,3,14,16,19,37,44,31,3653254,,,,,,,
03/20/2013,4,11,14,27,43,46,42,1997902,,,,,,,
03/16/2013,1,11,12,27,48,49,19,6022815,,,,,,,
03/13/2013,6,8,21,23,41,46,5,2152226,,,,,,,
03/09/2013,12,19,25,36,44,46,18,6166176,,,,,,,
03/06/2013,3,9,14,38,42,47,19,2083686,,,,,,,
03/02/2013,6,9,23,31,35,48,11,3827721,,,,,,,
02/27/2013,2,14,20,23,24,30,22,1960710,,,,,,,
02/23/2013,2,16,25,30,31,32,36,6299421,,,,,,,
02/20/2013,3,6,36,44,45,48,47,2208226,,,,,,,
02/16/2013,7,20,27,39,46,48,49,4233712,,,,,,,
02/13/2013,6,14,20,23,29,49,48,2054233,,,,,,,
02/09/2013,8,10,27,34,40,41,48,6188608,,,,,,,
02/06/2013,9,10,16,18,27,42,43,1784099,,,,,,,
02/02/2013,2,12,13,14,21,30,39,6034942,,,,,,,
01/30/2013,9,10,24,43,47,48,5,2329071,,,,,,,
01/26/2013,2,6,21,29,34,47,11,3944121,,,,,,,
01/23/2013,6,10,14,24,32,41,29,2118372,,,,,,,
01/19/2013,5,9,13,16,35,39,11,3779204,,,,,,,
01/16/2013,5,12,13,35,38,47,45,2271156,,,,,,,
01/12/2013,3,7,11,12,24,27,13,2226920,,,,,,,
01/09/2013,5,21,24,25,39,48,32,3012326,,,,,,,
01/05/2013,10,15,17,21,37,47,2,6277131,,,,,,,
01/02/2013,7,9,20,21,30,37,42,1975253,,,,,,,
12/29/2012,6,8,31,37,40,48,36,4295160,,,,,,,
12/26/2012,3,11,17,39,47,49,34,6356273,,,,,,,
12/22/2012,4,14,28,34,43,44,13,4093125,,,,,,,
12/19/2012,4,26,33,41,48,49,19,2449143,,,,,,,
12/15/2012,6,19,22,23,28,29,18,3468222,,,,,,,
12/12/2012,9,15,18,33,38,44,16,2101094,,,,,,,
12/08/2012,29,33,35,36,45,48,27,7117094,,,,,,,
12/05/2012,3,4,14,31,48,49,45,2302974,,,,,,,
12/01/2012,5,27,31,32,38,49,1,6992667,,,,,,,
11/28/2012,14,28,37,38,45,48,18,2480160,,,,,,,
11/24/2012,2,4,27,34,39,44,37,6291596,,,,,,,
11/21/2012,4,12,19,22,36,40,44,2088780,,,,,,,
11/17/2012,17,19,20,21,25,26,14,4136356,,,,,,,
11/14/2012,14,15,17,29,30,33,37,6692418,,,,,,,
11/10/2012,10,23,24,25,30,37,45,4093058,,,,,,,
11/07/2012,14,19,35,36,40,45,48,9324240,,,,,,,
11/03/2012,5,7,9,17,20,45,10,6101238,,,,,,,
10/31/2012,7,30,32,36,40,41,45,2542927,,,,,,,
10/27/2012,7,14,20,30,33,46,27,4202718,,,,,,,
10/24/2012,1,10,19,36,47,48,11,2375918,,,,,,,
10/20/2012,9,10,24,37,39,40,36,4467060,,,,,,,
10/17/2012,4,7,19,21,39,49,26,1952964,,,,,,,
10/13/2012,14,26,30,32,36,48,15,7105939,,,,,,,
10/10/2012,15,19,23,29,30,46,2,2288933,,,,,,,
10/06/2012,1,11,16,18,27,42,4,3788635,,,,,,,
10/03/2012,3,9,11,29,45,46,19,2059080,,,,,,,
09/29/2012,1,6,7,8,25,42,39,19549950,,,,,,,
09/26/2012,6,8,11,39,40,43,22,14710616,,,,,,,
09/22/2012,10,13,29,31,36,45,44,11454323,,,,,,,
09/19/2012,5,14,19,23,33,48,40,6710762,,,,,,,
09/15/2012,14,18,19,35,44,45,33,4410033,,,,,,,
09/12/2012,14,16,21,22,24,41,32,2355336,,,,,,,
09/08/2012,8,15,21,26,28,32,29,6392389,,,,,,,
09/05/2012,17,22,26,27,39,41,43,2398291,,,,,,,
09/01/2012,15,30,36,39,41,49,2,4841360,,,,,,,
08/29/2012,4,7,12,28,32,37,14,8255522,,,,,,,
08/25/2012,12,18,23,31,44,48,40,5893133,,,,,,,
08/22/2012,3,11,23,28,30,48,29,1841774,,,,,,,
08/18/2012,21,27,38,42,44,46,41,4319328,,,,,,,
08/15/2012,10,14,35,36,37,46,43,2605567,,,,,,,
11/08/2012,1,5,14,18,34,44,23,3809685,,,,,,,
08/08/2012,6,14,19,22,30,36,23,2010654,,,,,,,
04/08/2012,8,10,15,21,23,45,43,3655858,,,,,,,
01/08/2012,13,20,24,27,33,39,6,2306611,,,,,,,
07/28/2012,7,10,22,29,43,44,26,3584982,,,,,,,
07/25/2012,8,14,15,22,41,48,43,2285782,,,,,,,
07/21/2012,5,14,20,40,41,42,8,4522902,,,,,,,
07/18/2012,11,26,34,38,40,46,7,9659686,,,,,,,
07/14/2012,13,27,29,42,43,46,28,6718078,,,,,,,
07/11/2012,12,19,28,29,38,49,30,2188570,,,,,,,
07/07/2012,5,22,23,30,33,45,6,3975837,,,,,,,
07/04/2012,3,9,14,19,34,38,36,2071822,,,,,,,
06/30/2012,1,18,19,24,30,38,41,6764295,,,,,,,
06/27/2012,10,22,29,39,46,47,9,2510695,,,,,,,
06/23/2012,3,25,28,30,39,45,5,4216914,,,,,,,
06/20/2012,6,10,12,30,36,49,4,2071920,,,,,,,
06/16/2012,3,19,21,37,40,49,35,4324677,,,,,,,
06/13/2012,12,25,29,34,45,47,16,2450516,,,,,,,
06/09/2012,5,14,24,26,37,44,30,6308976,,,,,,,
06/06/2012,9,17,20,27,37,41,3,2183604,,,,,,,
06/02/2012,16,18,20,25,29,34,15,4392003,,,,,,,
05/30/2012,7,14,25,33,45,48,11,2253796,,,,,,,
05/26/2012,2,6,7,15,25,44,45,13905628,,,,,,,
05/23/2012,3,4,18,24,44,49,17,9985801,,,,,,,
05/19/2012,1,19,39,40,42,46,22,7339166,,,,,,,
05/16/2012,5,6,21,41,48,49,37,2419128,,,,,,,
05/12/2012,1,5,18,21,23,33,20,3634865,,,,,,,
05/09/2012,2,7,8,10,22,23,46,1451285,,,,,,,
05/05/2012,4,13,17,26,27,40,36,3861900,,,,,,,
05/02/2012,18,22,25,35,39,41,31,2569920,,,,,,,
04/28/2012,1,3,9,23,37,46,6,3949504,,,,,,,
04/25/2012,8,13,18,21,40,44,42,7021206,,,,,,,
04/21/2012,10,23,25,34,41,47,30,4525291,,,,,,,
04/18/2012,7,8,16,22,24,28,48,1712180,,,,,,,
04/14/2012,1,5,15,22,26,42,40,6582180,,,,,,,
04/11/2012,20,27,33,41,44,46,12,2552870,,,,,,,
04/07/2012,12,16,23,25,31,42,18,6352278,,,,,,,
04/04/2012,9,23,26,33,40,44,31,2246062,,,,,,,
03/31/2012,2,5,18,40,47,49,19,4449039,,,,,,,
03/28/2012,3,8,16,22,38,39,26,2207374,,,,,,,
03/24/2012,6,24,27,31,39,45,32,4309308,,,,,,,
03/21/2012,10,14,21,25,39,45,40,2398612,,,,,,,
03/17/2012,1,3,16,20,37,40,15,7104574,,,,,,,
03/14/2012,14,15,18,26,31,36,48,2420581,,,,,,,
03/10/2012,1,3,12,23,37,43,33,3953430,,,,,,,
03/07/2012,2,8,11,28,35,44,17,1954314,,,,,,,
03/03/2012,7,20,23,28,31,40,42,4120260,,,,,,,
02/29/2012,13,14,29,41,46,49,43,7015538,,,,,,,
02/25/2012,7,25,26,27,29,32,33,3990174,,,,,,,
02/22/2012,7,12,15,35,43,49,8,2326278,,,,,,,
02/18/2012,2,19,22,30,33,41,24,4295594,,,,,,,
02/15/2012,9,28,30,33,40,44,16,2360238,,,,,,,
02/11/2012,1,23,24,31,45,49,6,4520123,,,,,,,
02/08/2012,7,13,16,31,36,44,26,7088661,,,,,,,
02/04/2012,4,7,40,41,45,48,46,4677996,,,,,,,
02/01/2012,7,17,21,22,38,39,3,2194776,,,,,,,
01/28/2012,10,12,25,28,31,40,1,3964818,,,,,,,
01/25/2012,2,8,26,30,39,45,46,2372608,,,,,,,
01/21/2012,5,17,32,39,42,49,19,4404007,,,,,,,
01/18/2012,9,22,31,34,35,43,20,2463224,,,,,,,
01/14/2012,7,10,12,15,25,42,33,3394314,,,,,,,
01/11/2012,2,9,27,33,39,40,45,2243105,,,,,,,
01/07/2012,8,14,15,17,20,47,38,6771863,,,,,,,
01/04/2012,9,26,28,30,42,43,2,2307004,,,,,,,
12/31/2011,7,11,37,38,42,44,2,4040520,,,,,,,
12/28/2011,8,11,13,17,48,49,19,2152447,,,,,,,
12/24/2011,1,15,23,32,36,43,19,7646242,,,,,,,
12/21/2011,7,28,30,34,38,45,6,2438954,,,,,,,
12/17/2011,1,22,35,39,42,48,12,4672310,,,,,,,
12/14/2011,3,10,25,28,30,43,31,1992348,,,,,,,
12/10/2011,16,21,24,29,30,39,20,15192740,,,,,,,
12/07/2011,10,14,27,31,32,47,41,10064790,,,,,,,
12/03/2011,1,30,35,47,48,49,8,7140945,,,,,,,
11/30/2011,13,23,24,25,26,30,4,2163127,,,,,,,
11/26/2011,13,16,25,26,36,46,15,4459976,,,,,,,
11/23/2011,4,11,19,22,31,48,6,1896961,,,,,,,
11/19/2011,1,29,31,32,34,36,45,7335982,,,,,,,
11/16/2011,10,12,26,27,39,40,20,2347516,,,,,,,
11/12/2011,6,12,13,28,33,38,10,3927854,,,,,,,
11/09/2011,2,8,10,23,27,32,44,1832631,,,,,,,
11/05/2011,14,16,23,24,27,39,43,10000000,,,,,,,
11/02/2011,11,12,33,37,38,49,3,2496416,,,,,,,
10/29/2011,5,9,14,28,46,49,45,3997456,,,,,,,
10/26/2011,4,23,34,38,39,41,27,2598975,,,,,,,
10/22/2011,20,27,28,34,43,44,1,4639087,,,,,,,
10/19/2011,13,14,18,32,34,49,20,2628379,,,,,,,
10/15/2011,7,12,27,34,41,46,14,14663305,,,,,,,
10/12/2011,13,24,25,26,37,40,30,9608165,,,,,,,
10/08/2011,6,16,22,26,30,34,45,6335149,,,,,,,
10/05/2011,9,15,17,29,30,39,11,2148724,,,,,,,
10/01/2011,4,15,17,26,37,41,29,6873588,,,,,,,
09/28/2011,15,19,25,36,44,45,43,2380765,,,,,,,
09/24/2011,10,16,29,34,37,47,31,4571277,,,,,,,
09/21/2011,11,15,32,33,37,39,28,10384518,,,,,,,
09/17/2011,2,3,6,41,44,45,10,7124099,,,,,,,
09/14/2011,23,28,29,37,38,42,49,2496220,,,,,,,
09/10/2011,5,7,9,10,22,47,37,3229908,,,,,,,
09/07/2011,4,29,31,36,38,48,35,7063265,,,,,,,
09/03/2011,4,17,20,26,29,36,31,4172628,,,,,,,
08/31/2011,5,26,43,46,47,49,28,7427816,,,,,,,
08/27/2011,6,7,29,32,41,46,49,4541294,,,,,,,
08/24/2011,11,27,46,47,48,49,42,11033367,,,,,,,
08/20/2011,2,3,18,30,34,35,24,7876249,,,,,,,
08/17/2011,3,19,32,40,47,48,37,2491661,,,,,,,
08/13/2011,5,30,31,33,35,45,3,4537228,,,,,,,
10/08/2011,2,4,7,27,43,44,45,1838247,,,,,,,
06/08/2011,1,14,18,24,26,28,19,3877209,,,,,,,
03/08/2011,18,19,26,39,40,47,4,2577090,,,,,,,
07/30/2011,4,10,29,32,34,40,48,4550908,,,,,,,
07/27/2011,4,16,22,34,39,42,35,2420130,,,,,,,
07/23/2011,1,2,11,30,33,45,39,4305528,,,,,,,
07/20/2011,6,10,15,32,42,49,4,2445018,,,,,,,
07/16/2011,4,9,13,15,18,40,30,5917907,,,,,,,
07/13/2011,7,11,15,18,19,49,25,1826971,,,,,,,
07/09/2011,1,2,21,24,33,49,39,7216305,,,,,,,
07/06/2011,26,32,34,35,41,48,1,2692183,,,,,,,
07/02/2011,10,18,34,35,39,48,6,6994228,,,,,,,
06/29/2011,5,6,13,21,31,47,30,2054265,,,,,,,
06/25/2011,5,9,15,30,32,39,31,4073142,,,,,,,
06/22/2011,16,22,23,36,45,48,19,2515874,,,,,,,
06/18/2011,3,8,10,35,38,39,31,7061414,,,,,,,
06/15/2011,9,25,29,32,37,38,28,2445432,,,,,,,
06/11/2011,9,11,35,37,40,45,26,4632152,,,,,,,
06/08/2011,3,19,36,40,43,48,21,2557034,,,,,,,
06/04/2011,7,21,25,32,43,44,27,3932868,,,,,,,
06/01/2011,2,7,9,18,38,45,42,2000110,,,,,,,
05/28/2011,2,3,17,23,40,43,31,4125036,,,,,,,
05/25/2011,7,8,17,30,46,48,34,2384748,,,,,,,
05/21/2011,4,17,23,24,30,35,5,4094077,,,,,,,
05/18/2011,6,15,20,36,38,42,4,2578038,,,,,,,
05/14/2011,8,18,27,28,46,48,44,7227108,,,,,,,
05/11/2011,17,30,33,34,38,48,9,2712999,,,,,,,
05/07/2011,17,18,24,29,35,48,3,4607457,,,,,,,
05/04/2011,2,3,7,17,21,32,1,1835507,,,,,,,
04/30/2011,1,6,12,29,36,44,21,4018101,,,,,,,
04/27/2011,6,15,27,32,37,44,3,7109502,,,,,,,
04/23/2011,5,6,18,36,44,49,10,4294585,,,,,,,
04/20/2011,3,5,8,9,18,44,42,1631439,,,,,,,
04/16/2011,4,34,40,41,44,49,46,16366436,,,,,,,
04/13/2011,1,14,25,33,34,43,15,10234334,,,,,,,
04/09/2011,6,8,17,21,39,47,22,6741884,,,,,,,
04/06/2011,7,11,13,14,38,41,45,2305420,,,,,,,
04/02/2011,12,14,32,44,48,49,25,4777974,,,,,,,
03/30/2011,10,16,17,21,39,41,47,2686864,,,,,,,
03/26/2011,2,9,16,21,31,44,38,3953492,,,,,,,
03/23/2011,6,18,23,26,32,44,34,2329590,,,,,,,
03/19/2011,10,26,28,34,35,39,17,5014478,,,,,,,
03/16/2011,2,15,16,18,47,48,21,7243122,,,,,,,
03/12/2011,7,17,19,29,30,38,40,4135122,,,,,,,
03/09/2011,9,11,37,40,41,49,33,17799986,,,,,,,
03/05/2011,4,13,23,29,41,43,49,13124951,,,,,,,
03/02/2011,1,25,27,41,46,49,4,7946386,,,,,,,
02/26/2011,6,8,20,29,34,36,43,4748375,,,,,,,
02/23/2011,1,8,15,21,31,39,32,7650084,,,,,,,
02/19/2011,6,16,26,32,34,46,33,4830524,,,,,,,
02/16/2011,5,11,15,26,29,32,49,2191147,,,,,,,
02/12/2011,16,24,27,28,30,36,35,4568535,,,,,,,
02/09/2011,2,6,8,9,36,39,29,2359740,,,,,,,
02/05/2011,33,34,37,40,41,47,5,8395528,,,,,,,
02/02/2011,2,17,20,42,46,48,44,2799911,,,,,,,
01/29/2011,5,20,25,30,36,47,15,4744746,,,,,,,
01/26/2011,14,17,20,43,47,49,31,2859843,,,,,,,
01/22/2011,4,14,18,24,41,44,25,4467732,,,,,,,
01/19/2011,9,18,34,41,42,43,33,10541506,,,,,,,
01/15/2011,7,8,21,24,33,34,2,6763528,,,,,,,
01/12/2011,11,12,17,19,24,47,37,2139611,,,,,,,
01/08/2011,13,14,32,35,41,47,46,8170080,,,,,,,
01/05/2011,4,10,35,36,43,46,6,2802899,,,,,,,
01/01/2011,4,9,33,34,36,45,26,7290256,,,,,,,
12/29/2010,2,3,16,26,34,39,49,2606354,,,,,,,
12/25/2010,13,15,22,25,33,34,17,7162962,,,,,,,
12/22/2010,7,13,33,37,48,49,20,2509238,,,,,,,
12/18/2010,9,21,35,38,46,49,40,4784065,,,,,,,
12/15/2010,6,9,31,33,40,45,41,2584233,,,,,,,
12/11/2010,11,15,24,33,43,49,27,4637145,,,,,,,
12/08/2010,14,16,23,24,25,43,48,2446436,,,,,,,
12/04/2010,4,15,19,44,45,49,11,4581890,,,,,,,
12/01/2010,20,21,22,24,27,34,29,11259928,,,,,,,
11/27/2010,4,10,18,41,42,47,8,7808023,,,,,,,
11/24/2010,11,30,38,45,46,49,37,2844618,,,,,,,
11/20/2010,6,7,8,17,27,46,29,3942218,,,,,,,
11/17/2010,3,6,27,29,33,41,8,2347103,,,,,,,
11/13/2010,5,11,29,31,35,39,45,4556790,,,,,,,
11/10/2010,15,26,30,35,40,41,34,2956532,,,,,,,
11/06/2010,12,22,30,31,34,39,36,17700004,,,,,,,
11/03/2010,13,21,28,37,39,45,6,11220394,,,,,,,
10/30/2010,2,22,32,33,37,45,11,7571342,,,,,,,
10/27/2010,3,5,11,16,41,48,32,2373619,,,,,,,
10/23/2010,2,3,14,29,35,42,12,13444188,,,,,,,
10/20/2010,14,30,31,36,44,47,26,8316090,,,,,,,
10/16/2010,6,30,34,38,45,48,32,5129232,,,,,,,
10/13/2010,18,19,24,26,27,44,8,2302992,,,,,,,
10/09/2010,5,11,19,29,33,35,46,3957060,,,,,,,
10/06/2010,9,17,18,23,30,35,14,2255769,,,,,,,
10/02/2010,10,16,25,26,32,40,46,4633266,,,,,,,
09/29/2010,21,25,29,32,38,44,14,10944696,,,,,,,
09/25/2010,19,22,30,33,35,39,5,7430054,,,,,,,
09/22/2010,9,12,27,29,41,47,19,2330858,,,,,,,
09/18/2010,4,5,16,17,20,32,3,7301829,,,,,,,
09/15/2010,2,20,33,40,43,46,14,2851121,,,,,,,
09/11/2010,4,20,21,35,39,40,28,4995646,,,,,,,
09/08/2010,8,10,26,34,48,49,6,2606914,,,,,,,
09/04/2010,16,19,26,27,41,47,34,4663612,,,,,,,
09/01/2010,7,20,21,27,28,41,4,2259186,,,,,,,
08/28/2010,3,17,32,35,43,49,27,4701086,,,,,,,
08/25/2010,5,10,12,17,28,30,47,1731568,,,,,,,
08/21/2010,8,15,19,26,33,36,1,4340404,,,,,,,
08/18/2010,2,13,16,24,25,40,18,2448952,,,,,,,
08/14/2010,5,13,17,31,42,46,4,4382550,,,,,,,
11/08/2010,4,21,25,27,31,34,45,2490450,,,,,,,
07/08/2010,13,16,22,25,31,39,7,4471116,,,,,,,
04/08/2010,14,17,22,24,38,43,21,11178334,,,,,,,
07/31/2010,10,24,30,33,40,45,16,7682849,,,,,,,
07/28/2010,1,11,33,37,42,43,19,2667504,,,,,,,
07/24/2010,24,26,33,35,43,44,27,7292118,,,,,,,
07/21/2010,8,16,25,27,28,34,32,2276700,,,,,,,
07/17/2010,15,28,32,43,44,45,20,7706631,,,,,,,
07/14/2010,1,15,25,26,40,43,16,2692875,,,,,,,
07/10/2010,3,5,30,31,38,47,37,7482244,,,,,,,
07/07/2010,23,29,34,36,41,45,22,2821228,,,,,,,
07/03/2010,8,31,37,43,44,48,14,7599295,,,,,,,
06/30/2010,6,18,20,25,35,36,31,2549073,,,,,,,
06/26/2010,18,26,33,35,37,47,3,4774670,,,,,,,
06/23/2010,5,9,13,17,22,27,30,1580124,,,,,,,
06/19/2010,34,37,39,41,42,47,45,8134820,,,,,,,
06/16/2010,4,8,32,34,40,47,16,2699515,,,,,,,
06/12/2010,1,16,17,19,33,34,9,4694696,,,,,,,
06/09/2010,14,26,33,45,46,49,30,7374712,,,,,,,
06/05/2010,5,22,23,24,26,29,31,4130129,,,,,,,
06/02/2010,2,12,17,25,33,39,1,2293007,,,,,,,
05/29/2010,2,17,36,39,42,48,41,4791596,,,,,,,
05/26/2010,2,4,5,19,20,27,21,1873893,,,,,,,
05/22/2010,1,4,16,37,47,49,27,4734000,,,,,,,
05/19/2010,15,23,24,34,36,47,44,2797394,,,,,,,
05/15/2010,1,4,24,26,27,48,28,4447545,,,,,,,
05/12/2010,11,17,19,40,44,45,16,11010900,,,,,,,
05/08/2010,1,26,28,32,46,48,10,7599457,,,,,,,
05/05/2010,3,6,8,10,36,47,2,2262014,,,,,,,
05/01/2010,6,15,28,29,30,47,19,4599128,,,,,,,
04/28/2010,5,11,19,23,38,46,34,2197434,,,,,,,
04/24/2010,1,4,12,23,33,40,35,4400780,,,,,,,
04/21/2010,2,10,16,19,33,45,30,2476288,,,,,,,
04/17/2010,3,10,29,31,36,44,45,4460495,,,,,,,
04/14/2010,2,6,8,23,44,46,37,16523920,,,,,,,
04/10/2010,6,9,11,21,40,48,27,12084100,,,,,,,
04/07/2010,8,11,20,33,43,47,49,7058491,,,,,,,
04/03/2010,8,9,19,28,31,37,45,4194487,,,,,,,
03/31/2010,14,18,29,38,43,44,13,2596944,,,,,,,
03/27/2010,6,11,15,32,38,42,24,4572531,,,,,,,
03/24/2010,3,5,23,28,42,49,41,2223516,,,,,,,
03/20/2010,5,11,13,18,25,46,26,3957915,,,,,,,
03/17/2010,16,30,34,37,41,42,5,2969627,,,,,,,
03/13/2010,23,25,28,33,44,49,46,4605336,,,,,,,
03/10/2010,1,6,13,23,29,34,37,2348612,,,,,,,
03/06/2010,6,13,27,28,34,42,43,7291476,,,,,,,
03/03/2010,18,27,32,35,44,47,23,2683247,,,,,,,
02/27/2010,7,14,17,42,44,45,47,4310939,,,,,,,
02/24/2010,3,11,18,23,38,49,34,2217363,,,,,,,
02/20/2010,8,24,27,31,34,36,19,4856214,,,,,,,
02/17/2010,3,22,27,31,38,49,45,2566661,,,,,,,
02/13/2010,16,22,24,30,39,44,9,4779389,,,,,,,
02/10/2010,5,7,15,37,42,44,3,2356216,,,,,,,
02/06/2010,3,12,15,17,22,29,5,3668220,,,,,,,
02/03/2010,3,11,12,20,21,28,31,1942838,,,,,,,
01/30/2010,2,3,4,19,23,40,22,4245350,,,,,,,
01/27/2010,1,4,7,11,13,27,12,1322450,,,,,,,
01/23/2010,3,7,8,16,19,30,9,5989293,,,,,,,
01/20/2010,2,16,17,18,27,28,43,2257533,,,,,,,
01/16/2010,4,7,10,14,27,42,25,5913570,,,,,,,
01/13/2010,6,8,14,16,21,43,19,2303805,,,,,,,
01/09/2010,20,24,33,34,37,48,25,7826974,,,,,,,
01/06/2010,4,16,18,43,45,49,23,2563777,,,,,,,
01/02/2010,26,29,30,42,43,47,18,5163134,,,,,,,
12/30/2009,5,14,27,29,34,35,4,10257210,,,,,,,
12/26/2009,2,8,23,25,36,42,30,6985669,,,,,,,
12/23/2009,15,18,26,32,36,37,22,2868480,,,,,,,
12/19/2009,1,20,28,33,40,45,35,5014788,,,,,,,
12/16/2009,2,20,34,35,40,44,49,2900560,,,,,,,
12/12/2009,3,13,22,23,39,45,4,4333586,,,,,,,
12/09/2009,5,13,31,36,40,41,6,2816470,,,,,,,
12/05/2009,8,20,36,43,45,49,12,5250430,,,,,,,
12/02/2009,2,19,22,25,34,47,28,7572606,,,,,,,
11/28/2009,3,4,27,30,36,47,8,4680451,,,,,,,
11/25/2009,3,6,11,17,23,29,44,6804104,,,,,,,
11/21/2009,9,24,30,32,36,40,35,4883733,,,,,,,
11/18/2009,1,4,12,13,18,19,38,2076538,,,,,,,
11/14/2009,1,5,9,20,23,39,38,4222850,,,,,,,
11/11/2009,4,6,12,31,38,48,29,11450024,,,,,,,
11/07/2009,19,21,39,44,45,49,47,8047337,,,,,,,
11/04/2009,1,2,23,39,42,49,5,2681258,,,,,,,
10/31/2009,12,18,26,35,40,44,49,12818352,,,,,,,
10/28/2009,24,25,34,38,41,43,11,7354212,,,,,,,
10/24/2009,5,9,12,31,32,38,3,4110646,,,,,,,
10/21/2009,6,12,16,19,33,44,20,2059106,,,,,,,
10/17/2009,11,25,27,32,37,43,3,4556769,,,,,,,
10/14/2009,5,11,24,32,35,42,20,2382372,,,,,,,
10/10/2009,17,36,37,40,43,45,34,5220480,,,,,,,
10/07/2009,26,27,28,43,45,46,5,2868364,,,,,,,
10/03/2009,14,21,23,32,36,46,17,4860682,,,,,,,
09/30/2009,2,10,15,28,36,41,8,2509338,,,,,,,
09/26/2009,3,5,17,32,40,43,29,4525058,,,,,,,
09/23/2009,23,25,28,41,46,47,27,3681197,,,,,,,
09/19/2009,18,20,31,33,43,45,1,5109794,,,,,,,
09/16/2009,18,23,34,44,46,48,6,2734854,,,,,,,
09/12/2009,18,20,24,30,43,44,47,7635790,,,,,,,
09/09/2009,2,11,23,28,35,39,15,2450464,,,,,,,
09/05/2009,12,19,22,26,36,41,39,6805792,,,,,,,
09/02/2009,2,4,7,27,28,35,21,1886585,,,,,,,
08/29/2009,9,18,34,37,39,47,5,4908817,,,,,,,
08/26/2009,3,9,11,17,27,48,6,6671970,,,,,,,
08/22/2009,18,23,24,36,43,44,21,4588768,,,,,,,
08/19/2009,10,23,26,30,41,45,49,2631541,,,,,,,
08/15/2009,16,31,32,46,47,48,34,5232847,,,,,,,
12/08/2009,9,20,21,27,39,40,14,2612973,,,,,,,
08/08/2009,9,17,26,32,33,36,6,7474168,,,,,,,
05/08/2009,1,16,18,32,39,44,33,2693745,,,,,,,
01/08/2009,2,6,27,28,40,49,14,4593096,,,,,,,
07/29/2009,3,13,19,20,23,26,1,2055447,,,,,,,
07/25/2009,8,17,30,32,38,40,4,4739811,,,,,,,
07/22/2009,2,22,23,31,35,40,20,2665282,,,,,,,
07/18/2009,9,27,28,33,39,41,12,4576254,,,,,,,
07/15/2009,5,8,10,29,39,41,15,2473609,,,,,,,
07/11/2009,4,6,10,28,35,39,8,4407550,,,,,,,
07/08/2009,10,16,21,22,35,49,31,7985672,,,,,,,
07/04/2009,14,16,26,39,44,48,23,4857749,,,,,,,
07/01/2009,1,2,11,31,38,43,46,2495068,,,,,,,
06/27/2009,9,17,25,26,31,42,7,6552782,,,,,,,
06/24/2009,10,17,20,21,23,31,32,2270554,,,,,,,
06/20/2009,3,4,17,24,29,40,46,6524682,,,,,,,
06/17/2009,8,10,11,14,28,36,18,2108589,,,,,,,
06/13/2009,1,13,18,36,43,48,2,4781662,,,,,,,
06/10/2009,3,8,21,23,30,46,26,2216540,,,,,,,
06/06/2009,6,14,32,35,41,42,43,7542072,,,,,,,
06/03/2009,4,6,22,31,33,35,3,2464940,,,,,,,
05/30/2009,2,5,19,20,33,43,32,4366260,,,,,,,
05/27/2009,2,12,24,31,41,48,40,2517526,,,,,,,
05/23/2009,12,17,32,41,44,48,15,7812154,,,,,,,
05/20/2009,9,10,30,37,45,46,29,2772267,,,,,,,
05/16/2009,1,5,9,27,42,45,21,3949386,,,,,,,
05/13/2009,13,16,19,31,37,47,5,2700948,,,,,,,
05/09/2009,6,9,28,31,37,42,12,4427674,,,,,,,
05/06/2009,1,8,10,13,20,34,28,2317069,,,,,,,
05/02/2009,10,17,25,32,34,40,20,8067552,,,,,,,
04/29/2009,1,15,35,42,45,48,38,2869223,,,,,,,
04/25/2009,7,14,17,39,41,49,29,7871010,,,,,,,
04/22/2009,11,21,34,42,43,45,20,2793752,,,,,,,
04/18/2009,13,24,33,35,42,49,37,4863549,,,,,,,
04/15/2009,5,9,18,23,31,39,37,2133758,,,,,,,
04/11/2009,6,11,24,30,32,45,3,4651327,,,,,,,
04/08/2009,8,10,21,23,25,48,3,10784075,,,,,,,
04/04/2009,11,18,28,32,36,39,21,7281415,,,,,,,
04/01/2009,3,5,14,19,24,40,38,2243028,,,,,,,
03/28/2009,2,17,19,28,31,47,14,13915570,,,,,,,
03/25/2009,13,23,26,27,37,49,47,8565434,,,,,,,
03/21/2009,1,31,32,33,36,38,8,5515082,,,,,,,
03/18/2009,2,5,22,25,39,41,27,2503931,,,,,,,
03/14/2009,9,16,25,29,31,37,24,4418395,,,,,,,
03/11/2009,6,9,20,21,31,34,48,2525485,,,,,,,
03/07/2009,6,21,30,32,33,44,35,7903598,,,,,,,
03/04/2009,3,21,25,32,37,46,15,2753657,,,,,,,
02/28/2009,6,25,33,37,42,43,23,7877282,,,,,,,
02/25/2009,6,19,25,32,37,39,21,2648600,,,,,,,
02/21/2009,18,22,26,42,45,46,44,5130824,,,,,,,
02/18/2009,5,23,24,29,39,44,26,3325788,,,,,,,
02/14/2009,2,4,17,19,38,45,15,7769924,,,,,,,
02/11/2009,9,14,16,38,46,47,11,2806010,,,,,,,
02/07/2009,3,7,24,25,26,41,28,7479590,,,,,,,
02/04/2009,4,24,31,33,36,40,25,2815375,,,,,,,
01/31/2009,1,4,13,15,35,38,39,8328317,,,,,,,
01/28/2009,4,29,37,39,40,43,9,2988068,,,,,,,
01/24/2009,24,25,26,38,39,40,3,5585136,,,,,,,
01/21/2009,3,25,28,29,32,45,48,2666112,,,,,,,
01/17/2009,1,7,9,33,36,38,39,7675704,,,,,,,
01/14/2009,3,18,28,37,39,42,40,2673721,,,,,,,
01/10/2009,5,8,11,15,38,45,21,4205574,,,,,,,
01/07/2009,1,8,27,32,39,45,7,2715451,,,,,,,
01/03/2009,9,19,36,37,39,49,10,5087696,,,,,,,
12/31/2008,3,11,15,33,36,45,38,3042924,,,,,,,
12/27/2008,7,10,24,39,40,42,5,3430704,,,,,,,
12/24/2008,2,10,24,31,37,47,38,3336065,,,,,,,
12/20/2008,3,9,11,23,36,44,25,3503840,,,,,,,
12/17/2008,10,15,17,26,46,49,47,2674438,,,,,,,
12/13/2008,2,4,16,28,37,47,5,4567978,,,,,,,
12/10/2008,9,11,23,27,29,33,36,7544200,,,,,,,
12/06/2008,10,12,20,37,39,48,31,5102377,,,,,,,
12/03/2008,4,12,19,21,34,44,38,2187692,,,,,,,
11/29/2008,10,34,35,39,43,47,33,7649917,,,,,,,
11/26/2008,3,6,13,23,27,49,16,1959903,,,,,,,
11/22/2008,4,12,34,35,38,48,27,5045744,,,,,,,
11/19/2008,5,7,18,27,31,33,29,2034332,,,,,,,
11/15/2008,14,17,30,37,38,41,49,5260450,,,,,,,
11/12/2008,1,5,13,20,27,45,14,7793030,,,,,,,
11/08/2008,15,24,26,27,33,34,23,4973192,,,,,,,
11/05/2008,2,11,13,27,34,43,25,2372400,,,,,,,
11/01/2008,18,19,25,30,33,43,4,4773270,,,,,,,
10/29/2008,6,10,12,15,20,27,26,1953464,,,,,,,
10/25/2008,1,20,31,38,43,46,36,8571844,,,,,,,
10/22/2008,1,12,29,35,37,40,25,2835473,,,,,,,
10/18/2008,3,10,12,30,39,40,23,4538780,,,,,,,
10/15/2008,1,8,15,18,34,38,19,2551944,,,,,,,
10/11/2008,20,21,23,24,27,28,33,7853164,,,,,,,
10/08/2008,9,13,24,25,42,48,5,2494580,,,,,,,
10/04/2008,17,18,28,29,32,40,39,8034297,,,,,,,
10/01/2008,6,27,29,38,42,49,30,2672551,,,,,,,
09/27/2008,11,21,27,38,40,44,2,7527304,,,,,,,
09/24/2008,1,14,21,24,35,46,38,2679494,,,,,,,
09/20/2008,5,15,20,22,24,47,45,4493783,,,,,,,
09/17/2008,3,9,11,24,29,43,25,1937564,,,,,,,
09/13/2008,5,21,28,29,40,44,35,4551108,,,,,,,
09/10/2008,7,15,16,19,22,48,38,2297305,,,,,,,
09/06/2008,4,6,9,13,35,36,46,4423914,,,,,,,
09/03/2008,3,5,7,9,24,35,11,1795404,,,,,,,
08/30/2008,2,14,27,31,36,44,48,7702268,,,,,,,
08/27/2008,8,14,33,34,35,43,12,2812064,,,,,,,
08/23/2008,9,16,23,26,27,42,44,13582850,,,,,,,
08/20/2008,1,29,32,33,34,38,6,8483403,,,,,,,
08/16/2008,2,3,9,34,35,41,46,4909676,,,,,,,
08/13/2008,5,9,10,11,23,26,12,1707018,,,,,,,
09/08/2008,9,10,17,29,33,40,15,7021515,,,,,,,
06/08/2008,7,9,23,30,47,49,18,2289219,,,,,,,
02/08/2008,8,15,23,32,35,49,9,4665210,,,,,,,
07/30/2008,4,26,28,32,44,46,7,2561513,,,,,,,
07/26/2008,3,11,19,24,33,35,9,4053992,,,,,,,
07/23/2008,15,17,33,35,39,40,49,2874098,,,,,,,
07/19/2008,6,9,13,18,29,30,37,3655854,,,,,,,
07/16/2008,3,12,17,18,22,42,19,2078916,,,,,,,
07/12/2008,16,27,28,29,30,42,43,4787932,,,,,,,
07/09/2008,2,3,9,15,26,29,19,1947904,,,,,,,
07/05/2008,2,22,26,28,30,39,12,4698110,,,,,,,
07/02/2008,3,4,12,23,30,31,33,2019318,,,,,,,
06/28/2008,7,12,19,23,46,48,28,4192160,,,,,,,
06/25/2008,11,12,22,23,24,36,26,2355880,,,,,,,
06/21/2008,8,9,11,16,18,22,36,6879512,,,,,,,
06/18/2008,12,26,34,39,40,45,19,2950705,,,,,,,
06/14/2008,7,16,17,23,29,34,4,12154268,,,,,,,
06/11/2008,1,8,22,28,35,44,19,7113526,,,,,,,
06/07/2008,5,9,14,37,38,44,42,4368639,,,,,,,
06/04/2008,19,27,35,37,39,42,23,2691514,,,,,,,
05/31/2008,15,20,22,34,37,39,17,5215746,,,,,,,
05/28/2008,10,25,28,36,45,48,40,2640951,,,,,,,
05/24/2008,3,6,10,26,30,38,15,4042371,,,,,,,
05/21/2008,2,23,38,41,47,49,1,2778125,,,,,,,
05/17/2008,3,11,12,41,46,47,20,7961056,,,,,,,
05/14/2008,3,4,29,34,41,42,25,2794040,,,,,,,
05/10/2008,4,14,18,24,32,40,37,4431177,,,,,,,
05/07/2008,9,10,12,16,30,31,3,2123346,,,,,,,
05/03/2008,2,15,17,32,36,42,4,4819206,,,,,,,
04/30/2008,15,31,33,35,41,44,9,12464996,,,,,,,
04/26/2008,1,4,16,37,39,40,35,8269656,,,,,,,
04/23/2008,10,15,23,34,39,41,33,2792417,,,,,,,
04/19/2008,5,19,24,38,42,46,27,4672544,,,,,,,
04/16/2008,4,10,14,29,31,38,43,2401257,,,,,,,
04/12/2008,4,17,22,44,46,49,26,4597264,,,,,,,
04/09/2008,1,6,8,14,17,32,12,2259462,,,,,,,
04/05/2008,7,23,30,41,45,49,2,4935066,,,,,,,
04/02/2008,2,6,21,23,43,47,29,2503562,,,,,,,
03/29/2008,11,17,28,31,40,43,39,4734660,,,,,,,
03/26/2008,3,22,27,33,45,48,17,2507250,,,,,,,
03/22/2008,7,11,14,27,45,48,37,4193676,,,,,,,
03/19/2008,5,21,22,25,27,35,14,2376008,,,,,,,
03/15/2008,2,23,37,40,48,49,29,5298298,,,,,,,
03/12/2008,1,13,26,38,41,47,7,2855067,,,,,,,
03/08/2008,4,15,18,30,31,47,9,4807426,,,,,,,
03/05/2008,8,14,16,39,43,47,38,2826788,,,,,,,
03/01/2008,1,8,12,20,29,49,4,4488414,,,,,,,
02/27/2008,16,29,30,32,38,45,40,2964163,,,,,,,
02/23/2008,8,11,16,25,39,46,37,4813632,,,,,,,
02/20/2008,7,17,29,31,39,44,4,2415360,,,,,,,
02/16/2008,9,18,21,24,37,48,22,4849600,,,,,,,
02/13/2008,9,14,24,28,32,41,13,2631895,,,,,,,
02/09/2008,2,14,26,29,31,40,7,7761444,,,,,,,
02/06/2008,2,5,12,15,30,48,38,2336642,,,,,,,
02/02/2008,5,7,18,22,25,34,12,7362600,,,,,,,
01/30/2008,7,8,27,37,40,46,1,2864200,,,,,,,
01/26/2008,1,2,6,13,38,43,24,18992109,,,,,,,
01/23/2008,4,12,13,15,30,36,42,11553412,,,,,,,
01/19/2008,6,10,30,32,43,45,23,7670330,,,,,,,
01/16/2008,8,13,17,22,29,42,43,2246767,,,,,,,
01/12/2008,6,11,15,18,34,45,43,4665624,,,,,,,
01/09/2008,14,24,26,28,44,49,45,2598628,,,,,,,
01/05/2008,2,3,12,20,33,49,11,4556043,,,,,,,
01/02/2008,13,15,25,31,37,39,41,2749929,,,,,,,
12/29/2007,4,13,23,28,30,32,11,4426112,,,,,,,
12/26/2007,8,14,18,23,27,44,48,2192120,,,,,,,
12/22/2007,11,13,14,16,21,44,35,4611766,,,,,,,
12/19/2007,11,13,21,33,36,47,3,2571477,,,,,,,
12/15/2007,12,22,25,43,46,49,10,8215291,,,,,,,
12/12/2007,19,20,23,42,44,45,7,2807696,,,,,,,
12/08/2007,4,6,10,11,24,33,26,3762963,,,,,,,
12/05/2007,2,8,13,18,26,39,10,2356275,,,,,,,
12/01/2007,12,24,33,36,39,42,21,7603209,,,,,,,
11/28/2007,11,15,25,33,44,45,17,2440940,,,,,,,
11/24/2007,1,14,25,37,39,47,38,8194918,,,,,,,
11/21/2007,6,8,24,25,32,47,15,2535066,,,,,,,
11/17/2007,11,16,20,22,27,46,29,4800414,,,,,,,
11/14/2007,4,5,21,35,37,42,14,2728242,,,,,,,
11/10/2007,5,11,13,18,25,35,7,4107438,,,,,,,
11/07/2007,2,6,9,13,17,36,4,2172726,,,,,,,
11/03/2007,3,10,22,25,31,49,4,17659474,,,,,,,
10/31/2007,9,12,20,25,33,35,17,11173800,,,,,,,
10/27/2007,6,8,10,13,22,32,3,7176688,,,,,,,
10/24/2007,14,16,24,28,45,48,29,2660170,,,,,,,
10/20/2007,4,15,25,27,33,40,20,7698416,,,,,,,
10/17/2007,10,12,22,32,45,46,27,2721688,,,,,,,
10/13/2007,7,11,12,36,38,39,44,4706935,,,,,,,
10/10/2007,1,9,24,27,36,45,49,2537555,,,,,,,
10/06/2007,5,6,18,22,24,38,10,4186550,,,,,,,
10/03/2007,1,17,24,26,30,49,14,2596446,,,,,,,
09/29/2007,1,9,10,11,16,49,37,4154190,,,,,,,
09/26/2007,2,8,16,24,32,41,4,2520780,,,,,,,
09/22/2007,3,12,15,18,30,31,25,4052919,,,,,,,
09/19/2007,2,5,6,13,25,47,45,2203538,,,,,,,
09/15/2007,3,7,12,21,25,36,24,3583830,,,,,,,
09/12/2007,4,13,18,21,30,46,5,2582072,,,,,,,
09/08/2007,4,10,20,24,39,49,31,4886048,,,,,,,
09/05/2007,11,24,26,35,39,40,38,8531595,,,,,,,
09/01/2007,3,27,34,41,42,48,8,5028768,,,,,,,
08/29/2007,4,6,11,17,31,41,44,2214747,,,,,,,
08/25/2007,7,13,17,33,40,42,8,4327923,,,,,,,
08/22/2007,18,31,35,39,40,42,32,3006244,,,,,,,
08/18/2007,2,12,26,32,37,47,22,4986272,,,,,,,
08/15/2007,2,5,15,34,35,43,12,2727777,,,,,,,
11/08/2007,6,10,11,19,22,46,40,6231484,,,,,,,
08/08/2007,3,9,12,13,20,43,7,2112501,,,,,,,
04/08/2007,12,23,25,26,34,49,4,4771402,,,,,,,
01/08/2007,3,6,15,23,28,42,40,2094285,,,,,,,
07/28/2007,4,18,22,27,44,48,33,4082912,,,,,,,
07/25/2007,3,18,21,24,36,38,20,2508729,,,,,,,
07/21/2007,3,10,21,25,29,49,20,7314465,,,,,,,
07/18/2007,12,31,33,39,41,45,23,2838118,,,,,,,
07/14/2007,15,27,35,37,38,39,11,5248063,,,,,,,
07/11/2007,3,9,10,12,46,47,22,2395710,,,,,,,
07/07/2007,16,22,28,30,33,35,37,4966815,,,,,,,
07/04/2007,3,13,22,32,44,46,26,2535441,,,,,,,
06/30/2007,10,11,17,34,38,46,48,4920794,,,,,,,
06/27/2007,7,13,23,40,41,48,1,2675046,,,,,,,
06/23/2007,6,12,19,25,31,41,21,4169652,,,,,,,
06/20/2007,13,16,22,43,47,49,28,2777820,,,,,,,
06/16/2007,8,17,33,41,43,45,37,4900515,,,,,,,
06/13/2007,13,19,24,30,40,48,31,7970784,,,,,,,
06/09/2007,2,3,23,33,40,46,30,4797831,,,,,,,
06/06/2007,7,21,22,28,37,40,1,8036628,,,,,,,
06/02/2007,1,10,33,35,38,43,34,5237215,,,,,,,
05/30/2007,2,20,22,25,41,47,37,2745415,,,,,,,
05/26/2007,3,15,19,24,28,34,17,7448493,,,,,,,
05/23/2007,3,19,31,32,36,40,43,2777455,,,,,,,
05/19/2007,17,19,20,32,36,48,18,7923399,,,,,,,
05/16/2007,9,20,22,24,27,28,12,2399505,,,,,,,
05/12/2007,3,6,9,12,40,43,44,4099866,,,,,,,
05/09/2007,8,9,19,34,47,49,4,2557161,,,,,,,
05/05/2007,4,33,34,38,39,49,23,5477094,,,,,,,
05/02/2007,11,18,25,27,39,44,34,2340280,,,,,,,
04/28/2007,11,17,24,28,41,47,48,4586968,,,,,,,
04/25/2007,1,7,25,31,32,39,18,2587268,,,,,,,
04/21/2007,14,20,21,30,41,46,6,5274577,,,,,,,
04/18/2007,8,11,17,30,32,41,47,2527168,,,,,,,
04/14/2007,13,16,23,29,36,49,14,4789126,,,,,,,
04/11/2007,8,11,21,32,35,42,47,2459554,,,,,,,
04/07/2007,23,24,30,31,33,37,20,8372751,,,,,,,
04/04/2007,11,14,19,35,46,49,17,2768390,,,,,,,
03/31/2007,3,35,39,42,44,48,41,5143775,,,,,,,
03/28/2007,2,5,19,23,32,41,38,2399426,,,,,,,
03/24/2007,9,14,26,28,30,45,38,4514652,,,,,,,
03/21/2007,15,19,29,35,44,45,7,2718472,,,,,,,
03/17/2007,1,9,14,20,43,44,32,4806990,,,,,,,
03/14/2007,6,21,24,38,39,48,41,8412682,,,,,,,
03/10/2007,1,9,16,34,38,41,4,5151207,,,,,,,
03/07/2007,4,14,25,35,42,48,37,2703190,,,,,,,
03/03/2007,1,5,11,19,28,36,38,3864530,,,,,,,
02/28/2007,4,15,34,40,44,46,45,2928483,,,,,,,
02/24/2007,5,18,26,34,42,49,8,4918320,,,,,,,
02/21/2007,1,6,26,34,39,42,25,8843066,,,,,,,
02/17/2007,6,18,40,43,47,49,32,5379697,,,,,,,
02/14/2007,1,2,4,38,42,43,23,9002814,,,,,,,
02/10/2007,22,26,38,39,41,42,8,5478737,,,,,,,
02/07/2007,6,16,18,29,30,35,48,2561750,,,,,,,
02/03/2007,13,17,39,46,47,49,48,8471383,,,,,,,
01/31/2007,13,14,21,30,43,49,17,2767055,,,,,,,
01/27/2007,4,15,21,23,24,38,36,4693076,,,,,,,
01/24/2007,2,8,10,31,46,48,12,2543691,,,,,,,
01/20/2007,4,7,26,28,39,49,47,4595315,,,,,,,
01/17/2007,12,17,21,25,31,37,30,2487503,,,,,,,
01/13/2007,5,8,12,20,28,48,40,4024672,,,,,,,
01/10/2007,1,2,13,29,33,49,6,2578368,,,,,,,
01/06/2007,15,25,29,35,39,40,11,5379770,,,,,,,
01/03/2007,4,6,30,36,43,44,20,2638211,,,,,,,
12/30/2006,1,2,7,11,37,45,14,7447128,,,,,,,
12/27/2006,16,27,29,34,39,45,19,2773544,,,,,,,
12/23/2006,10,16,24,37,44,49,4,5373904,,,,,,,
12/20/2006,4,10,21,22,25,38,31,2430156,,,,,,,
12/16/2006,5,8,11,27,30,46,34,4118079,,,,,,,
12/13/2006,4,12,14,20,46,49,24,2726133,,,,,,,
12/09/2006,5,8,10,18,20,46,43,4384438,,,,,,,
12/06/2006,2,5,9,12,22,32,34,6979907,,,,,,,
12/02/2006,9,11,15,31,42,46,27,4746796,,,,,,,
11/29/2006,17,20,31,40,42,46,1,2973922,,,,,,,
11/25/2006,4,7,31,38,44,48,1,4616144,,,,,,,
11/22/2006,14,15,24,31,45,49,34,9006708,,,,,,,
11/18/2006,1,19,20,32,42,46,49,5555990,,,,,,,
11/15/2006,2,3,17,22,40,42,12,2543170,,,,,,,
11/11/2006,23,24,28,33,34,41,18,8899965,,,,,,,
11/08/2006,2,18,31,38,39,46,42,2985577,,,,,,,
11/04/2006,17,30,33,40,42,43,34,8495189,,,,,,,
11/01/2006,9,13,14,20,31,35,32,2736676,,,,,,,
10/28/2006,4,5,6,12,20,29,30,4067360,,,,,,,
10/25/2006,2,7,10,14,16,22,43,1916504,,,,,,,
10/21/2006,15,18,23,31,37,49,38,5299849,,,,,,,
10/18/2006,6,12,36,39,41,48,17,2974198,,,,,,,
10/14/2006,8,15,24,31,37,42,45,18711206,,,,,,,
10/11/2006,14,16,24,26,27,39,6,11411225,,,,,,,
10/07/2006,4,13,23,24,26,36,45,7466551,,,,,,,
10/04/2006,12,14,16,19,27,32,44,2414737,,,,,,,
09/30/2006,8,12,13,19,26,38,11,4364340,,,,,,,
09/27/2006,2,3,16,27,44,48,24,2476003,,,,,,,
09/23/2006,6,26,28,35,42,43,38,15000000,,,,,,,
09/20/2006,3,21,29,35,38,45,46,2823142,,,,,,,
09/16/2006,11,12,16,33,34,43,28,8257366,,,,,,,
09/13/2006,8,15,17,40,43,48,21,2852068,,,,,,,
09/09/2006,2,15,21,37,43,46,36,8041028,,,,,,,
09/06/2006,5,7,14,29,37,38,12,2435457,,,,,,,
09/02/2006,3,8,20,22,34,40,38,4924924,,,,,,,
08/30/2006,19,21,22,38,44,49,45,2676876,,,,,,,
08/26/2006,10,17,24,31,42,49,5,4872080,,,,,,,
08/23/2006,6,16,20,21,23,37,40,2697814,,,,,,,
08/19/2006,6,29,31,34,40,48,4,5433861,,,,,,,
08/16/2006,4,8,16,20,25,31,43,2288962,,,,,,,
12/08/2006,24,30,38,43,46,49,6,8584352,,,,,,,
09/08/2006,2,4,12,16,18,41,48,2458865,,,,,,,
05/08/2006,3,11,13,18,26,31,35,6763716,,,,,,,
02/08/2006,5,8,9,18,41,47,49,2520044,,,,,,,
07/29/2006,4,5,16,19,21,49,20,4441864,,,,,,,
07/26/2006,7,17,27,30,33,39,6,11544846,,,,,,,
07/22/2006,20,22,23,26,31,47,2,8295258,,,,,,,
07/19/2006,4,21,25,37,45,46,6,2853999,,,,,,,
07/15/2006,6,12,19,20,38,39,13,4769907,,,,,,,
07/12/2006,18,20,26,27,28,39,45,2739694,,,,,,,
07/08/2006,6,10,19,29,32,42,13,4306351,,,,,,,
07/05/2006,7,17,29,33,42,45,24,2306466,,,,,,,
07/01/2006,18,28,33,37,39,42,15,8036203,,,,,,,
06/28/2006,11,12,34,39,44,48,21,2870470,,,,,,,
06/24/2006,9,14,21,23,39,44,19,7361605,,,,,,,
06/21/2006,8,16,27,38,44,49,31,2603997,,,,,,,
06/17/2006,25,26,33,40,41,47,10,5526247,,,,,,,
06/14/2006,4,7,10,33,35,49,46,2602236,,,,,,,
06/10/2006,14,27,32,39,41,47,12,7911903,,,,,,,
06/07/2006,6,9,11,14,33,48,31,2382622,,,,,,,
06/03/2006,4,6,7,9,28,39,20,18051588,,,,,,,
05/31/2006,4,16,32,34,35,37,1,3051588,,,,,,,
05/27/2006,5,8,12,24,28,31,22,3840200,,,,,,,
05/24/2006,1,17,25,29,41,46,6,2924309,,,,,,,
05/20/2006,6,16,17,22,24,45,48,17677966,,,,,,,
05/17/2006,3,10,19,33,35,38,8,2677966,,,,,,,
05/13/2006,3,15,21,22,36,47,27,8190762,,,,,,,
05/10/2006,8,13,28,32,36,46,15,2851543,,,,,,,
05/06/2006,2,7,11,21,33,34,8,4095204,,,,,,,
05/03/2006,9,11,22,39,40,42,12,2709955,,,,,,,
04/29/2006,10,29,31,32,36,47,17,5810744,,,,,,,
04/26/2006,1,27,32,33,45,48,25,8841680,,,,,,,
04/22/2006,9,24,30,40,42,48,15,5195933,,,,,,,
04/19/2006,3,9,33,44,47,49,38,2470696,,,,,,,
04/15/2006,7,15,19,23,37,48,45,4737156,,,,,,,
04/12/2006,7,19,26,38,44,49,24,2580406,,,,,,,
04/08/2006,5,6,7,18,28,40,12,4198916,,,,,,,
04/05/2006,1,2,16,22,26,49,15,2667773,,,,,,,
04/01/2006,9,17,18,21,23,39,45,4473771,,,,,,,
03/29/2006,2,6,18,36,37,44,19,2724100,,,,,,,
03/25/2006,2,6,10,17,29,30,9,3905910,,,,,,,
03/22/2006,4,8,16,19,34,40,38,2523614,,,,,,,
03/18/2006,7,10,22,24,34,44,18,7596411,,,,,,,
03/15/2006,1,14,21,30,35,48,24,2897385,,,,,,,
03/11/2006,4,9,13,29,31,36,16,14280252,,,,,,,
03/08/2006,1,11,14,35,37,42,26,8852697,,,,,,,
03/04/2006,1,16,22,32,33,40,48,5408113,,,,,,,
03/01/2006,15,16,19,28,38,42,20,2654364,,,,,,,
02/25/2006,7,14,24,37,43,48,29,5167604,,,,,,,
02/22/2006,5,9,27,35,42,43,14,2530196,,,,,,,
02/18/2006,9,23,32,35,36,40,5,5603070,,,,,,,
02/15/2006,5,11,12,16,17,45,42,2438793,,,,,,,
02/11/2006,4,9,15,25,30,40,42,7687380,,,,,,,
02/08/2006,9,27,28,31,41,42,25,2742423,,,,,,,
02/04/2006,1,3,6,22,23,39,21,7650306,,,,,,,
02/01/2006,5,11,13,17,44,48,25,2448775,,,,,,,
01/28/2006,9,18,22,29,30,48,23,4870101,,,,,,,
01/25/2006,9,14,15,18,26,46,45,2778772,,,,,,,
01/21/2006,1,25,26,27,39,49,37,5865360,,,,,,,
01/18/2006,2,3,7,24,46,47,36,2781195,,,,,,,
01/14/2006,4,8,16,23,28,47,34,4580352,,,,,,,
01/11/2006,5,6,8,19,34,38,11,2593004,,,,,,,
01/07/2006,8,14,19,28,29,48,6,15000000,,,,,,,
01/04/2006,7,13,31,43,45,47,23,2746827,,,,,,,
12/31/2005,6,9,11,33,36,49,29,5601968,,,,,,,
12/28/2005,6,8,10,19,30,42,23,2192470,,,,,,,
12/24/2005,17,21,25,27,30,37,16,15000000,,,,,,,
12/21/2005,5,6,12,13,31,45,24,2481932,,,,,,,
12/17/2005,7,11,15,21,35,47,43,4247752,,,,,,,
12/14/2005,7,9,17,22,27,40,41,2073756,,,,,,,
12/10/2005,20,23,25,30,31,48,10,5382733,,,,,,,
12/07/2005,2,8,11,12,22,26,46,2050548,,,,,,,
12/03/2005,2,10,11,28,36,47,33,4892580,,,,,,,
11/30/2005,7,14,29,37,41,45,4,2893361,,,,,,,
11/26/2005,19,27,28,34,39,46,7,8924300,,,,,,,
11/23/2005,14,33,36,39,42,46,13,3190447,,,,,,,
11/19/2005,4,9,10,19,24,37,28,4528016,,,,,,,
11/16/2005,4,9,22,24,30,41,20,2666676,,,,,,,
11/12/2005,12,13,25,30,45,47,42,5377290,,,,,,,
11/09/2005,1,15,23,30,45,49,33,2941497,,,,,,,
11/05/2005,12,13,21,26,32,39,17,8919340,,,,,,,
11/02/2005,19,25,32,47,48,49,28,3159573,,,,,,,
10/29/2005,2,5,13,30,39,49,3,5269472,,,,,,,
10/26/2005,10,14,26,28,33,38,23,2794039,,,,,,,
10/22/2005,18,20,22,30,32,39,3,5494476,,,,,,,
10/19/2005,7,18,20,21,29,47,31,2610832,,,,,,,
10/15/2005,4,7,29,30,42,44,39,4337270,,,,,,,
10/12/2005,5,7,13,15,19,45,38,2226114,,,,,,,
10/08/2005,1,14,20,22,25,26,9,5254612,,,,,,,
10/05/2005,14,17,23,30,34,42,19,2811493,,,,,,,
10/01/2005,4,6,31,42,46,47,11,5535214,,,,,,,
09/28/2005,21,32,41,42,43,46,17,3256720,,,,,,,
09/24/2005,2,11,27,29,36,44,15,8027760,,,,,,,
09/21/2005,2,23,33,35,40,42,25,3078821,,,,,,,
09/17/2005,9,21,23,31,40,46,8,5269340,,,,,,,
09/14/2005,15,20,22,25,35,39,36,3108523,,,,,,,
09/10/2005,1,8,24,27,34,46,30,5476246,,,,,,,
09/07/2005,1,5,7,41,43,49,45,2907275,,,,,,,
09/03/2005,14,26,34,35,36,45,32,6118518,,,,,,,
08/31/2005,4,10,14,21,32,49,44,2883775,,,,,,,
08/27/2005,6,13,17,23,32,43,49,8519555,,,,,,,
08/24/2005,1,40,43,44,48,49,2,3393435,,,,,,,
08/20/2005,7,11,12,20,38,44,45,4443258,,,,,,,
08/17/2005,3,10,13,22,31,33,15,2372684,,,,,,,
08/13/2005,19,22,30,35,44,48,3,5409068,,,,,,,
10/08/2005,8,15,30,31,34,43,40,3074019,,,,,,,
06/08/2005,3,6,7,17,30,34,8,4419864,,,,,,,
03/08/2005,2,10,30,36,37,43,29,9136568,,,,,,,
07/30/2005,3,9,13,35,43,45,8,5166989,,,,,,,
07/27/2005,10,12,13,17,31,37,44,2881544,,,,,,,
07/23/2005,7,12,16,24,29,37,44,18268465,,,,,,,
07/20/2005,4,29,39,41,43,45,42,3268465,,,,,,,
07/16/2005,2,3,21,24,38,44,47,8536431,,,,,,,
07/13/2005,3,25,36,39,42,47,23,3200470,,,,,,,
07/09/2005,7,20,22,23,34,37,38,15000000,,,,,,,
07/06/2005,3,12,17,36,44,49,20,9476995,,,,,,,
07/02/2005,8,25,33,35,38,40,7,5753161,,,,,,,
06/29/2005,7,12,23,26,29,44,31,2367834,,,,,,,
06/25/2005,15,23,27,38,44,49,34,15000000,,,,,,,
06/22/2005,1,4,7,44,47,48,14,8787420,,,,,,,
06/18/2005,4,7,26,41,42,49,37,5330569,,,,,,,
06/15/2005,7,11,12,37,42,45,4,9001406,,,,,,,
06/11/2005,1,2,18,25,34,45,31,5457082,,,,,,,
06/08/2005,11,13,26,34,44,48,2,2982281,,,,,,,
06/04/2005,6,8,13,15,21,40,35,4904230,,,,,,,
06/01/2005,3,11,17,19,20,41,6,2470360,,,,,,,
05/28/2005,10,16,21,24,34,46,30,9071546,,,,,,,
05/25/2005,14,18,29,33,37,39,47,3100673,,,,,,,
05/21/2005,14,34,38,43,47,48,9,5792361,,,,,,,
05/18/2005,4,19,22,27,28,47,41,2516762,,,,,,,
05/14/2005,12,18,22,33,43,48,25,5140514,,,,,,,
05/11/2005,1,6,11,17,29,43,8,9009105,,,,,,,
05/07/2005,2,6,21,34,35,49,46,5856652,,,,,,,
05/04/2005,30,35,38,41,45,48,46,3399555,,,,,,,
04/30/2005,2,23,26,30,39,47,31,9137115,,,,,,,
04/27/2005,2,15,20,24,32,47,29,3077074,,,,,,,
04/23/2005,3,18,25,29,31,43,23,4788056,,,,,,,
04/20/2005,13,26,27,38,41,43,35,3177338,,,,,,,
04/16/2005,25,26,32,39,40,42,41,9995614,,,,,,,
04/13/2005,14,23,36,40,41,48,6,3379709,,,,,,,
04/09/2005,14,22,25,27,45,47,8,9420864,,,,,,,
04/06/2005,22,26,36,43,45,49,6,3462677,,,,,,,
04/02/2005,18,26,27,29,34,42,36,5226302,,,,,,,
03/30/2005,1,11,23,26,29,31,39,11892990,,,,,,,
03/26/2005,5,21,23,28,40,48,26,8675071,,,,,,,
03/23/2005,12,14,25,30,32,38,42,3006219,,,,,,,
03/19/2005,6,8,18,33,43,49,27,5278446,,,,,,,
03/16/2005,3,7,9,21,35,39,32,2424918,,,,,,,
03/12/2005,1,2,8,9,41,48,29,9231428,,,,,,,
03/09/2005,14,21,25,39,40,47,20,3345767,,,,,,,
03/05/2005,6,19,24,26,27,49,8,5282794,,,,,,,
03/02/2005,3,6,15,16,33,48,43,2882085,,,,,,,
02/26/2005,8,14,25,40,43,48,33,10022182,,,,,,,
02/23/2005,17,25,30,32,36,37,6,3411489,,,,,,,
02/19/2005,10,16,19,30,35,45,6,8821256,,,,,,,
02/16/2005,9,13,18,29,30,49,41,2873196,,,,,,,
02/12/2005,11,18,20,23,32,48,25,8874475,,,,,,,
02/09/2005,12,18,22,24,32,33,17,2877813,,,,,,,
02/05/2005,19,22,33,36,43,44,1,5337030,,,,,,,
02/02/2005,2,19,28,33,44,49,21,2856300,,,,,,,
01/29/2005,3,8,27,38,44,46,35,5122412,,,,,,,
01/26/2005,3,12,14,22,33,40,19,2919576,,,,,,,
01/22/2005,5,15,23,30,34,42,14,15000000,,,,,,,
01/19/2005,15,24,28,33,34,47,37,14446469,,,,,,,
01/15/2005,5,20,30,32,35,38,9,9605416,,,,,,,
01/12/2005,4,5,31,33,38,42,41,3091100,,,,,,,
01/08/2005,7,10,17,28,29,33,36,15000000,,,,,,,
01/05/2005,5,8,15,20,42,48,40,2860767,,,,,,,
01/01/2005,4,6,9,12,15,40,25,7974940,,,,,,,
12/29/2004,4,22,30,41,43,47,29,3208255,,,,,,,
12/24/2004,15,19,24,36,37,49,35,15000000,,,,,,,
12/22/2004,4,12,27,44,45,47,41,2850217,,,,,,,
12/18/2004,5,16,22,25,27,30,33,4471888,,,,,,,
12/15/2004,7,11,19,25,31,39,23,2297577,,,,,,,
12/11/2004,7,9,19,23,27,49,1,3941436,,,,,,,
12/08/2004,11,12,16,26,35,39,34,3113940,,,,,,,
12/04/2004,8,9,35,38,42,45,14,5629507,,,,,,,
12/01/2004,7,18,27,31,36,49,43,2884332,,,,,,,
11/27/2004,4,7,9,10,43,46,11,5116887,,,,,,,
11/24/2004,6,9,15,23,38,48,45,2805330,,,,,,,
11/20/2004,1,4,8,26,28,36,31,8531476,,,,,,,
11/17/2004,11,14,20,24,28,36,46,2970938,,,,,,,
11/13/2004,4,10,12,13,14,22,21,8597068,,,,,,,
11/10/2004,13,27,37,40,43,49,1,3365816,,,,,,,
11/06/2004,2,26,29,36,39,40,10,7824384,,,,,,,
11/03/2004,5,25,33,35,36,39,43,3374280,,,,,,,
10/30/2004,3,8,9,26,27,47,45,4543976,,,,,,,
10/27/2004,9,11,21,39,40,46,35,3169884,,,,,,,
10/23/2004,22,27,33,37,38,40,24,5957276,,,,,,,
10/20/2004,10,13,19,25,31,33,21,2683389,,,,,,,
10/16/2004,25,32,33,36,45,46,47,6209190,,,,,,,
10/13/2004,3,7,14,17,18,43,42,7821152,,,,,,,
10/09/2004,6,17,22,27,30,34,26,4829180,,,,,,,
10/06/2004,6,11,12,19,37,44,16,2495726,,,,,,,
10/02/2004,1,5,6,31,33,41,35,5372481,,,,,,,
09/29/2004,4,14,23,31,35,41,24,3102020,,,,,,,
09/25/2004,3,10,28,29,42,43,2,8834078,,,,,,,
09/22/2004,12,19,40,42,46,49,17,3342179,,,,,,,
09/18/2004,5,10,13,14,28,42,48,4406958,,,,,,,
09/15/2004,3,11,17,21,33,44,27,2200264,,,,,,,
09/11/2004,5,8,19,30,35,42,18,4799904,,,,,,,
09/08/2004,1,10,27,35,39,48,28,3325974,,,,,,,
09/04/2004,3,5,10,25,43,47,20,4706664,,,,,,,
09/01/2004,12,25,27,32,37,49,28,3293591,,,,,,,
08/28/2004,6,7,10,20,37,44,36,5055112,,,,,,,
08/25/2004,10,12,13,19,31,46,17,8852564,,,,,,,
08/21/2004,1,2,19,30,44,49,21,5254874,,,,,,,
08/18/2004,6,11,12,13,36,42,21,2889926,,,,,,,
08/14/2004,13,14,31,32,37,41,42,6119707,,,,,,,
11/08/2004,11,12,19,47,48,49,7,3206315,,,,,,,
07/08/2004,8,11,28,33,38,41,40,5195460,,,,,,,
04/08/2004,4,7,8,10,17,22,11,2091720,,,,,,,
07/31/2004,3,13,17,29,40,48,39,5369534,,,,,,,
07/28/2004,10,11,14,21,25,42,15,2852742,,,,,,,
07/24/2004,22,27,30,31,48,49,28,15000000,,,,,,,
07/21/2004,6,9,13,15,40,43,2,3088296,,,,,,,
07/17/2004,1,3,11,16,23,36,22,4896956,,,,,,,
07/14/2004,6,27,33,38,45,47,8,20100472,,,,,,,
07/10/2004,6,9,31,32,40,47,24,15000000,,,,,,,
07/07/2004,5,10,11,16,17,33,13,2518146,,,,,,,
07/03/2004,6,8,21,25,43,47,16,8993244,,,,,,,
06/30/2004,11,12,15,29,37,43,45,3088370,,,,,,,
06/26/2004,16,21,24,28,31,33,3,15064894,,,,,,,
06/23/2004,5,18,21,24,38,48,25,8685858,,,,,,,
06/19/2004,2,23,28,31,42,45,17,5096035,,,,,,,
06/16/2004,22,26,29,31,35,42,6,3163361,,,,,,,
06/12/2004,7,22,35,44,48,49,16,5433926,,,,,,,
06/09/2004,1,12,23,26,35,45,43,8144814,,,,,,,
06/05/2004,5,8,9,26,29,44,16,4231059,,,,,,,
06/02/2004,5,22,26,40,42,43,44,3187556,,,,,,,
05/29/2004,1,4,6,18,19,40,30,22158516,,,,,,,
05/26/2004,11,15,18,24,34,44,28,13162305,,,,,,,
05/22/2004,1,4,5,25,34,46,12,8967950,,,,,,,
05/19/2004,10,22,28,33,37,39,42,3089641,,,,,,,
05/15/2004,4,29,35,44,46,49,12,5760126,,,,,,,
05/12/2004,10,11,15,18,19,40,28,2737608,,,,,,,
05/08/2004,14,17,23,28,42,49,5,5029100,,,,,,,
05/05/2004,23,32,33,42,43,45,4,3079224,,,,,,,
05/01/2004,5,6,10,15,27,49,20,4772772,,,,,,,
04/28/2004,1,3,26,34,43,47,12,3266159,,,,,,,
04/24/2004,1,3,4,5,17,37,30,8475960,,,,,,,
04/21/2004,7,19,20,29,41,49,18,3090718,,,,,,,
04/17/2004,3,21,31,42,47,48,34,5557218,,,,,,,
04/14/2004,1,3,22,32,38,44,45,14262546,,,,,,,
04/10/2004,25,30,34,39,40,47,16,10008535,,,,,,,
04/07/2004,9,25,33,36,46,49,43,3327529,,,,,,,
04/03/2004,3,9,12,28,29,38,5,4301724,,,,,,,
03/31/2004,4,7,8,11,24,40,33,2289919,,,,,,,
03/27/2004,19,21,25,33,37,41,38,8633248,,,,,,,
03/24/2004,7,17,19,26,29,41,49,2583503,,,,,,,
03/20/2004,13,21,37,42,46,48,22,5935128,,,,,,,
03/17/2004,5,16,30,38,42,43,4,3136424,,,,,,,
03/13/2004,1,10,11,18,19,46,43,5079762,,,,,,,
03/10/2004,11,14,17,34,37,43,22,3150622,,,,,,,
03/06/2004,17,19,20,35,43,45,7,5932962,,,,,,,
03/03/2004,24,38,40,44,47,48,23,14381100,,,,,,,
02/28/2004,6,19,22,38,39,43,18,9287990,,,,,,,
02/25/2004,6,21,28,34,38,41,47,3199260,,,,,,,
02/21/2004,1,5,8,18,42,48,38,4971472,,,,,,,
02/18/2004,1,3,5,13,21,24,29,2380596,,,,,,,
02/14/2004,14,15,17,31,39,45,23,17112346,,,,,,,
02/11/2004,22,23,38,40,43,47,32,9929961,,,,,,,
02/07/2004,18,22,25,44,45,46,7,5653182,,,,,,,
02/04/2004,9,11,18,20,35,47,40,3054192,,,,,,,
01/31/2004,5,12,13,19,27,47,40,4433686,,,,,,,
01/28/2004,8,10,16,17,30,47,7,9022523,,,,,,,
01/24/2004,16,25,27,32,35,43,42,5561629,,,,,,,
01/21/2004,3,11,25,28,34,45,42,2916822,,,,,,,
01/17/2004,4,8,21,24,39,44,5,8485162,,,,,,,
01/14/2004,2,5,19,21,40,46,33,2965376,,,,,,,
01/10/2004,14,23,29,39,41,45,17,5736512,,,,,,,
01/07/2004,2,12,17,23,24,34,10,9382496,,,,,,,
01/03/2004,17,18,22,23,40,49,10,5712245,,,,,,,
12/31/2003,19,28,31,34,41,47,1,3511440,,,,,,,
12/27/2003,3,18,22,27,41,46,37,4903664,,,,,,,
12/24/2003,1,7,24,27,46,48,31,3679958,,,,,,,
12/20/2003,8,23,35,39,44,46,31,5768706,,,,,,,
12/17/2003,4,6,13,21,36,46,37,8802564,,,,,,,
12/13/2003,1,7,9,28,33,39,4,4785123,,,,,,,
12/10/2003,8,14,21,26,37,48,9,13978674,,,,,,,
12/06/2003,3,11,13,34,35,43,8,9035085,,,,,,,
12/03/2003,2,28,34,35,38,47,6,3196797,,,,,,,
11/29/2003,9,23,25,26,33,36,37,9278215,,,,,,,
11/26/2003,16,32,34,35,40,48,3,3387775,,,,,,,
11/22/2003,1,5,8,16,31,39,22,8430602,,,,,,,
11/19/2003,11,12,13,18,43,48,21,3033716,,,,,,,
11/15/2003,17,30,31,32,35,47,42,5882520,,,,,,,
11/12/2003,6,9,13,17,21,24,30,2336936,,,,,,,
11/08/2003,2,12,33,39,45,48,29,5680280,,,,,,,
11/05/2003,10,12,18,20,22,47,38,2778211,,,,,,,
11/01/2003,9,11,15,24,38,46,29,5308755,,,,,,,
10/29/2003,9,19,25,29,30,38,3,2585618,,,,,,,
10/25/2003,4,10,18,21,43,49,15,5243184,,,,,,,
10/22/2003,6,19,29,32,34,46,39,2994384,,,,,,,
10/18/2003,5,11,17,23,40,45,41,4815645,,,,,,,
10/15/2003,7,11,16,32,42,49,17,2812822,,,,,,,
10/11/2003,3,6,11,20,34,43,36,5121552,,,,,,,
10/08/2003,6,22,25,26,28,44,9,9008460,,,,,,,
10/04/2003,2,8,23,32,35,39,16,5483350,,,,,,,
10/01/2003,3,16,24,27,30,48,21,9106953,,,,,,,
09/27/2003,7,24,30,44,46,47,38,5487229,,,,,,,
09/24/2003,11,13,28,34,37,45,9,9389058,,,,,,,
09/20/2003,1,2,15,23,31,48,49,5484618,,,,,,,
09/17/2003,3,9,15,16,21,29,46,2227306,,,,,,,
09/13/2003,3,4,8,9,30,32,12,18239920,,,,,,,
09/10/2003,9,25,28,37,41,48,30,3239918,,,,,,,
09/06/2003,1,21,25,27,39,42,17,5713662,,,,,,,
09/03/2003,10,11,13,38,39,42,8,3269422,,,,,,,
08/30/2003,18,26,33,38,43,44,2,5373216,,,,,,,
08/27/2003,8,18,19,29,44,45,42,12990004,,,,,,,
08/23/2003,10,15,18,25,42,48,11,9044004,,,,,,,
08/20/2003,5,6,34,37,42,48,31,3268287,,,,,,,
08/16/2003,1,9,10,12,42,45,27,5264099,,,,,,,
08/13/2003,10,15,16,18,19,28,8,2529260,,,,,,,
09/08/2003,11,14,19,25,30,41,38,8481693,,,,,,,
06/08/2003,1,8,13,22,36,45,21,3003835,,,,,,,
02/08/2003,5,26,28,45,47,49,8,9543560,,,,,,,
07/30/2003,2,17,22,38,45,49,1,3167948,,,,,,,
07/26/2003,1,12,16,26,37,49,23,5926587,,,,,,,
07/23/2003,11,19,23,31,38,46,9,2869257,,,,,,,
07/19/2003,3,9,10,17,34,48,36,8463472,,,,,,,
07/16/2003,2,15,16,17,26,42,35,2855572,,,,,,,
07/12/2003,9,12,13,15,21,33,43,18000000,,,,,,,
07/09/2003,2,7,24,30,31,35,18,2932576,,,,,,,
07/05/2003,6,10,18,19,22,43,8,8283740,,,,,,,
07/02/2003,1,14,17,23,30,47,12,2951588,,,,,,,
06/28/2003,1,10,17,23,29,35,36,15000000,,,,,,,
06/25/2003,2,6,7,23,27,30,21,2225601,,,,,,,
06/21/2003,12,20,36,39,44,45,49,9485444,,,,,,,
06/18/2003,16,18,26,32,38,40,27,3081265,,,,,,,
06/14/2003,3,12,29,37,43,46,11,15000000,,,,,,,
06/11/2003,9,13,22,39,48,49,14,3154131,,,,,,,
06/07/2003,2,5,6,17,18,30,29,4378381,,,,,,,
06/04/2003,7,20,27,40,43,49,12,3146115,,,,,,,
05/31/2003,2,9,12,22,25,26,21,4333432,,,,,,,
05/28/2003,1,7,15,25,27,32,22,8574928,,,,,,,
05/24/2003,4,22,25,30,34,42,35,5399005,,,,,,,
05/21/2003,18,19,21,32,35,39,42,3168574,,,,,,,
05/17/2003,8,12,15,22,36,48,37,5247075,,,,,,,
05/14/2003,1,3,4,16,17,27,7,2524520,,,,,,,
05/10/2003,8,18,24,26,32,38,31,4983201,,,,,,,
05/07/2003,7,12,26,33,35,47,28,2925211,,,,,,,
05/03/2003,3,6,7,29,46,49,37,5438971,,,,,,,
04/30/2003,16,20,26,35,43,46,10,3422550,,,,,,,
04/26/2003,9,21,27,33,35,48,18,5426498,,,,,,,
04/23/2003,13,24,31,33,41,44,5,2975074,,,,,,,
04/19/2003,8,10,13,31,38,48,14,5557016,,,,,,,
04/16/2003,5,7,23,29,38,47,26,10000002,,,,,,,
04/12/2003,3,5,16,25,43,45,23,5117610,,,,,,,
04/09/2003,7,20,25,27,33,45,41,2880286,,,,,,,
04/05/2003,9,26,30,31,38,45,32,9269832,,,,,,,
04/02/2003,8,11,15,21,37,39,25,3066872,,,,,,,
03/29/2003,5,15,21,33,35,42,26,5000964,,,,,,,
03/26/2003,10,22,35,37,47,49,31,3496245,,,,,,,
03/22/2003,2,8,10,45,47,49,9,9231585,,,,,,,
03/19/2003,2,10,15,16,18,39,36,2894265,,,,,,,
03/15/2003,4,24,25,28,38,47,11,5580579,,,,,,,
03/12/2003,6,16,33,37,40,41,25,3442756,,,,,,,
03/08/2003,5,6,8,32,33,41,15,5646642,,,,,,,
03/05/2003,3,8,12,23,34,46,24,2898505,,,,,,,
03/01/2003,22,24,29,31,44,45,35,9445064,,,,,,,
02/26/2003,5,18,34,38,40,45,22,3324556,,,,,,,
02/22/2003,19,30,33,38,42,44,31,5274572,,,,,,,
02/19/2003,1,4,10,17,28,35,32,2719964,,,,,,,
02/15/2003,4,20,32,44,48,49,27,6050268,,,,,,,
02/12/2003,12,17,18,20,30,35,49,3176617,,,,,,,
02/08/2003,23,27,32,37,41,43,35,5854940,,,,,,,
02/05/2003,1,13,17,26,42,46,30,10198792,,,,,,,
02/01/2003,2,13,30,39,45,47,21,6105119,,,,,,,
01/29/2003,1,6,26,29,37,48,27,3294612,,,,,,,
01/25/2003,3,19,35,38,39,42,1,5907066,,,,,,,
01/22/2003,5,16,23,35,44,47,46,3049938,,,,,,,
01/18/2003,4,11,20,35,43,46,18,6075854,,,,,,,
01/15/2003,11,29,33,38,46,48,44,3343256,,,,,,,
01/11/2003,9,18,22,26,37,41,20,5700285,,,,,,,
01/08/2003,10,12,22,34,46,48,3,3346644,,,,,,,
01/04/2003,19,32,33,36,40,45,28,10109782,,,,,,,
01/01/2003,3,22,27,29,34,41,31,3183487,,,,,,,
12/28/2002,2,18,20,32,36,37,5,6229444,,,,,,,
12/24/2002,4,8,9,19,32,46,17,3325428,,,,,,,
12/21/2002,4,22,23,37,43,44,19,9083937,,,,,,,
12/18/2002,11,17,21,22,40,42,19,3018790,,,,,,,
12/14/2002,11,21,38,39,45,47,26,9698568,,,,,,,
12/11/2002,10,13,15,16,29,48,49,3163600,,,,,,,
12/07/2002,2,19,29,34,35,36,18,6195673,,,,,,,
12/04/2002,2,4,23,26,28,40,29,3010406,,,,,,,
11/30/2002,6,7,20,29,37,39,25,5913285,,,,,,,
11/27/2002,11,25,35,36,42,47,18,3465826,,,,,,,
11/23/2002,5,6,12,19,30,47,25,8836356,,,,,,,
11/20/2002,16,18,19,44,46,48,3,3444405,,,,,,,
11/16/2002,10,30,34,42,48,49,6,6550539,,,,,,,
11/13/2002,3,6,8,14,24,31,35,2673855,,,,,,,
11/09/2002,4,5,8,19,31,37,36,5338620,,,,,,,
11/06/2002,2,6,8,21,41,42,7,3180880,,,,,,,
11/02/2002,5,28,32,39,42,48,21,9736131,,,,,,,
10/30/2002,10,21,26,31,48,49,29,3593850,,,,,,,
10/26/2002,7,10,24,32,33,45,29,5678712,,,,,,,
10/23/2002,11,26,36,43,44,46,29,15532275,,,,,,,
10/19/2002,12,30,43,44,45,47,10,9972677,,,,,,,
10/16/2002,13,19,25,28,34,45,32,3235260,,,,,,,
10/12/2002,16,18,35,36,39,48,15,6569034,,,,,,,
10/09/2002,7,22,25,31,44,47,1,10381925,,,,,,,
10/05/2002,15,16,18,36,37,49,28,6693924,,,,,,,
10/02/2002,2,3,14,15,21,48,8,8919798,,,,,,,
09/28/2002,2,9,10,11,13,16,26,4855501,,,,,,,
09/25/2002,6,21,29,32,33,47,4,3331512,,,,,,,
09/21/2002,1,6,7,11,13,30,27,4350940,,,,,,,
09/18/2002,4,7,12,29,37,42,14,15000000,,,,,,,
09/14/2002,8,14,24,27,29,32,21,8784642,,,,,,,
09/11/2002,15,20,28,37,40,44,23,3263625,,,,,,,
09/07/2002,7,21,29,31,38,41,28,5337638,,,,,,,
09/04/2002,2,23,28,33,45,47,13,3188600,,,,,,,
08/31/2002,2,18,23,31,43,46,11,5735643,,,,,,,
08/28/2002,4,7,9,17,36,46,23,2893908,,,,,,,
08/24/2002,4,17,26,28,38,46,3,5579700,,,,,,,
08/21/2002,5,14,19,32,34,42,35,10272625,,,,,,,
08/17/2002,19,20,31,32,35,40,23,6473575,,,,,,,
08/14/2002,1,6,8,20,29,38,31,2998156,,,,,,,
10/08/2002,13,16,23,28,31,32,18,9865198,,,,,,,
07/08/2002,10,22,23,30,33,42,36,3050304,,,,,,,
03/08/2002,6,11,19,35,36,44,39,5461495,,,,,,,
07/31/2002,9,13,15,23,26,45,49,9796682,,,,,,,
07/27/2002,24,26,28,29,34,44,45,5976877,,,,,,,
07/24/2002,7,13,21,34,35,43,10,2913350,,,,,,,
07/20/2002,7,10,16,34,47,48,36,6027534,,,,,,,
07/17/2002,10,11,31,41,45,46,42,10165828,,,,,,,
07/13/2002,15,21,23,24,31,32,8,5923360,,,,,,,
07/10/2002,4,18,19,20,30,43,24,3088694,,,,,,,
07/06/2002,1,20,42,43,44,49,9,7027822,,,,,,,
07/03/2002,2,4,5,22,27,29,24,2730112,,,,,,,
06/29/2002,4,25,28,36,42,49,37,6423060,,,,,,,
06/26/2002,6,7,25,33,38,43,23,3116991,,,,,,,
06/22/2002,14,17,18,22,32,37,12,15000000,,,,,,,
06/19/2002,18,21,32,36,39,41,9,3614444,,,,,,,
06/15/2002,3,13,14,23,30,36,32,5566359,,,,,,,
06/12/2002,1,2,10,34,47,48,12,3698750,,,,,,,
06/08/2002,15,16,18,28,36,47,49,6321292,,,,,,,
06/05/2002,3,5,7,26,43,47,10,2823827,,,,,,,
06/01/2002,13,19,27,36,41,44,3,6404463,,,,,,,
05/29/2002,19,26,30,34,40,44,13,3462775,,,,,,,
05/25/2002,7,14,15,25,27,40,18,5490995,,,,,,,
05/22/2002,5,9,18,39,43,46,48,3367911,,,,,,,
05/18/2002,21,22,30,31,38,48,13,8567660,,,,,,,
05/15/2002,4,6,10,19,40,49,9,3310528,,,,,,,
05/11/2002,1,25,27,35,43,46,22,7218663,,,,,,,
05/08/2002,8,10,42,44,47,49,14,3716227,,,,,,,
05/04/2002,8,9,11,17,45,47,24,10029188,,,,,,,
05/01/2002,10,15,19,22,24,32,41,3393830,,,,,,,
04/27/2002,11,19,32,33,43,44,3,5737443,,,,,,,
04/24/2002,3,13,17,20,21,30,23,3107595,,,,,,,
04/20/2002,7,14,21,32,43,44,31,5231100,,,,,,,
04/17/2002,5,13,19,30,32,43,6,3383070,,,,,,,
04/13/2002,3,19,22,40,41,44,35,6431042,,,,,,,
04/10/2002,5,11,24,26,34,41,2,3516916,,,,,,,
04/06/2002,17,18,32,35,39,48,8,6918772,,,,,,,
04/03/2002,4,8,18,26,32,34,10,3327927,,,,,,,
03/30/2002,8,14,25,36,38,47,15,6728805,,,,,,,
03/27/2002,6,9,20,24,35,36,39,3670990,,,,,,,
03/23/2002,9,24,28,30,31,40,49,6560226,,,,,,,
03/20/2002,10,18,25,28,37,43,14,3293547,,,,,,,
03/16/2002,5,6,26,41,42,44,11,6954473,,,,,,,
03/13/2002,1,7,15,23,27,34,26,3077330,,,,,,,
03/09/2002,9,18,20,21,39,48,6,11621384,,,,,,,
03/06/2002,5,17,20,31,33,34,26,3884590,,,,,,,
03/02/2002,8,11,25,33,37,43,30,6246268,,,,,,,
02/27/2002,6,12,28,31,39,44,42,3289628,,,,,,,
02/23/2002,8,9,27,34,43,48,25,11218860,,,,,,,
02/20/2002,17,21,24,25,46,49,22,4114217,,,,,,,
02/16/2002,10,20,24,36,37,44,1,7030835,,,,,,,
02/13/2002,4,7,12,13,16,29,22,2836940,,,,,,,
02/09/2002,7,15,20,28,40,48,4,20000001,,,,,,,
02/06/2002,2,13,20,36,37,40,34,4128013,,,,,,,
02/02/2002,6,12,30,39,45,46,11,7353072,,,,,,,
01/30/2002,12,19,27,39,42,47,4,3249750,,,,,,,
01/26/2002,10,13,20,25,27,32,1,6469676,,,,,,,
01/23/2002,6,8,14,19,20,44,41,3275580,,,,,,,
01/19/2002,7,18,34,37,39,42,21,6188424,,,,,,,
01/16/2002,15,16,23,27,32,44,17,3482970,,,,,,,
01/12/2002,1,3,11,12,20,24,38,5703150,,,,,,,
01/09/2002,16,20,28,29,41,45,12,4192368,,,,,,,
01/05/2002,2,16,28,34,41,42,38,6913536,,,,,,,
01/02/2002,2,6,20,24,29,32,21,16627894,,,,,,,
12/29/2001,11,19,31,32,36,45,41,10808913,,,,,,,
12/26/2001,10,17,26,29,36,37,16,3302369,,,,,,,
12/22/2001,1,9,10,12,23,40,8,5932676,,,,,,,
12/19/2001,7,28,34,43,46,48,20,3649107,,,,,,,
12/15/2001,5,7,13,24,35,40,16,6058965,,,,,,,
12/12/2001,9,23,25,33,38,44,29,2841671,,,,,,,
12/08/2001,1,14,16,30,34,42,9,7245147,,,,,,,
12/05/2001,4,6,8,19,23,29,38,2762064,,,,,,,
12/01/2001,2,14,19,26,34,48,11,6693318,,,,,,,
11/28/2001,8,22,31,32,42,45,20,3703856,,,,,,,
11/24/2001,23,27,30,37,38,42,28,6648087,,,,,,,
11/21/2001,10,25,30,38,44,46,17,3682946,,,,,,,
11/17/2001,12,19,30,34,37,41,1,7060368,,,,,,,
11/14/2001,19,29,32,33,43,47,46,11784824,,,,,,,
11/10/2001,6,23,24,25,30,49,39,6920676,,,,,,,
11/07/2001,8,9,10,20,39,40,36,3772644,,,,,,,
11/03/2001,10,31,34,39,43,44,17,20000000,,,,,,,
10/31/2001,4,5,6,18,36,49,13,3643688,,,,,,,
10/27/2001,2,21,23,24,27,38,33,6346060,,,,,,,
10/24/2001,8,38,39,40,43,44,3,3987728,,,,,,,
10/20/2001,1,3,6,19,21,26,14,5746002,,,,,,,
10/17/2001,5,20,26,31,32,40,36,12340944,,,,,,,
10/13/2001,8,33,38,40,48,49,6,7069873,,,,,,,
10/10/2001,18,26,28,30,38,46,25,3581694,,,,,,,
10/06/2001,9,12,29,33,44,47,45,9927336,,,,,,,
10/03/2001,2,14,26,30,44,45,40,3733417,,,,,,,
09/29/2001,2,14,17,22,38,44,35,5393488,,,,,,,
09/26/2001,3,14,15,17,19,47,5,12235610,,,,,,,
09/22/2001,6,14,35,45,46,49,16,7604531,,,,,,,
09/19/2001,6,8,21,25,30,45,42,3409321,,,,,,,
09/15/2001,2,9,15,17,40,48,23,23435056,,,,,,,
09/12/2001,11,21,25,27,30,35,40,3435053,,,,,,,
09/08/2001,1,6,13,18,20,49,30,6574816,,,,,,,
09/05/2001,15,23,24,27,43,48,12,3643208,,,,,,,
09/01/2001,1,9,32,34,38,49,3,10803204,,,,,,,
08/29/2001,4,5,9,13,29,47,36,2941103,,,,,,,
08/25/2001,1,10,14,30,36,43,20,7004208,,,,,,,
08/22/2001,14,20,22,29,33,37,45,3543872,,,,,,,
08/18/2001,11,16,18,22,23,31,37,5942460,,,,,,,
08/15/2001,4,6,18,21,35,38,31,3520398,,,,,,,
11/08/2001,18,19,25,36,38,40,42,11925057,,,,,,,
08/08/2001,26,29,31,32,39,46,33,4103819,,,,,,,
04/08/2001,4,7,11,15,28,47,39,4863250,,,,,,,
01/08/2001,11,15,20,27,33,40,14,3568086,,,,,,,
07/28/2001,3,13,29,31,36,45,44,6530710,,,,,,,
07/25/2001,1,2,3,8,30,37,19,3530702,,,,,,,
07/21/2001,1,9,13,18,27,45,29,5704192,,,,,,,
07/18/2001,2,25,31,37,41,45,6,4037220,,,,,,,
07/14/2001,7,11,14,22,37,38,36,9366476,,,,,,,
07/11/2001,11,16,19,24,33,47,39,3435728,,,,,,,
07/07/2001,24,34,37,38,41,49,15,7573460,,,,,,,
07/04/2001,13,28,32,38,40,47,27,3658130,,,,,,,
06/30/2001,9,15,22,43,46,48,21,7288262,,,,,,,
06/27/2001,12,18,39,43,45,49,33,17711200,,,,,,,
06/23/2001,7,15,16,24,25,46,37,10864712,,,,,,,
06/20/2001,11,18,24,31,34,49,48,3682177,,,,,,,
06/16/2001,7,25,31,35,39,45,8,11157490,,,,,,,
06/13/2001,12,14,19,33,35,48,40,3637779,,,,,,,
06/09/2001,12,14,24,33,45,48,31,6653292,,,,,,,
06/06/2001,12,16,35,37,38,47,26,3911229,,,,,,,
06/02/2001,7,11,19,24,32,39,29,5293290,,,,,,,
05/30/2001,7,15,23,35,39,44,48,3288828,,,,,,,
05/26/2001,3,15,22,29,35,49,20,6753561,,,,,,,
05/23/2001,4,11,30,31,44,47,21,3301614,,,,,,,
05/19/2001,4,12,30,33,43,48,35,6704396,,,,,,,
05/16/2001,1,25,27,33,38,45,4,3777886,,,,,,,
05/12/2001,6,29,30,38,39,45,22,8192554,,,,,,,
05/09/2001,9,18,27,30,32,48,46,3263814,,,,,,,
05/05/2001,1,3,16,33,46,47,35,7628052,,,,,,,
05/02/2001,2,17,20,23,28,43,16,3309314,,,,,,,
04/28/2001,2,25,33,40,44,47,17,11381154,,,,,,,
04/25/2001,10,11,24,35,40,44,33,3748592,,,,,,,
04/21/2001,12,20,23,26,33,46,1,12091384,,,,,,,
04/18/2001,30,35,41,44,46,49,33,4318003,,,,,,,
04/14/2001,7,24,35,41,42,47,12,6990614,,,,,,,
04/11/2001,2,19,37,38,44,49,33,3704201,,,,,,,
04/07/2001,9,19,30,32,34,44,18,10921010,,,,,,,
04/04/2001,10,16,23,24,28,45,46,3519685,,,,,,,
03/31/2001,22,23,26,34,37,44,8,11758561,,,,,,,
03/28/2001,2,25,34,35,36,39,26,4316603,,,,,,,
03/24/2001,6,25,31,32,42,43,38,20000000,,,,,,,
03/21/2001,11,22,27,34,39,42,36,3338672,,,,,,,
03/17/2001,1,3,15,26,45,46,48,7405154,,,,,,,
03/14/2001,1,5,8,31,37,38,15,3684607,,,,,,,
03/10/2001,2,4,12,21,36,37,46,6727880,,,,,,,
03/07/2001,3,12,30,33,40,49,22,3736428,,,,,,,
03/03/2001,7,14,20,24,38,48,17,6644544,,,,,,,
02/28/2001,4,9,12,13,22,32,8,2835260,,,,,,,
02/24/2001,1,3,12,28,29,41,42,6520650,,,,,,,
02/21/2001,8,10,24,30,40,44,17,3506834,,,,,,,
02/17/2001,10,14,31,35,40,45,26,7704670,,,,,,,
02/14/2001,3,10,23,27,30,32,19,9868596,,,,,,,
02/10/2001,7,9,12,17,20,32,30,5614637,,,,,,,
02/07/2001,2,5,33,37,40,45,22,4027455,,,,,,,
02/03/2001,2,15,16,17,25,26,44,11580780,,,,,,,
01/31/2001,1,16,33,36,38,45,48,4197871,,,,,,,
01/27/2001,4,12,15,39,45,47,22,7343612,,,,,,,
01/24/2001,10,11,28,29,31,39,24,3477414,,,,,,,
01/20/2001,13,17,22,41,43,47,28,7073355,,,,,,,
01/17/2001,10,13,24,31,36,47,41,3926696,,,,,,,
01/13/2001,12,23,28,34,36,40,18,20000001,,,,,,,
01/10/2001,10,14,15,23,24,27,39,3363327,,,,,,,
01/06/2001,6,16,23,34,35,40,37,7558324,,,,,,,
01/03/2001,5,6,16,17,19,22,40,3071612,,,,,,,
12/30/2000,1,7,16,18,38,47,10,6759436,,,,,,,
12/27/2000,9,24,26,36,37,42,25,3781647,,,,,,,
12/23/2000,2,16,17,23,37,38,6,11775285,,,,,,,
12/20/2000,5,8,39,41,46,49,13,4140123,,,,,,,
12/16/2000,17,21,26,29,34,39,37,11683398,,,,,,,
12/13/2000,3,12,23,34,38,39,11,3453166,,,,,,,
12/09/2000,11,16,25,31,32,33,23,6917260,,,,,,,
12/06/2000,6,10,13,19,27,47,25,3030308,,,,,,,
12/02/2000,2,19,28,37,46,47,38,7100848,,,,,,,
11/29/2000,7,19,28,30,33,37,29,3261937,,,,,,,
11/25/2000,3,6,20,42,43,48,30,7578132,,,,,,,
11/22/2000,4,12,20,23,31,33,16,3388584,,,,,,,
11/18/2000,6,9,11,21,27,43,17,5639780,,,,,,,
11/15/2000,13,19,28,31,41,44,6,3581904,,,,,,,
11/11/2000,18,23,28,34,35,47,11,7515894,,,,,,,
11/08/2000,2,5,9,16,27,43,28,2985575,,,,,,,
11/04/2000,2,8,17,29,33,44,11,20000000,,,,,,,
11/01/2000,4,9,20,23,38,45,47,3869948,,,,,,,
10/28/2000,1,13,14,23,31,47,9,11375130,,,,,,,
10/25/2000,6,9,13,14,26,38,22,3437398,,,,,,,
10/21/2000,8,14,15,18,24,44,31,6105897,,,,,,,
10/18/2000,4,6,11,19,32,36,23,3396612,,,,,,,
10/14/2000,7,22,31,37,38,40,30,7104526,,,,,,,
10/11/2000,6,10,19,30,34,41,26,3852251,,,,,,,
10/07/2000,1,6,20,28,31,45,26,7321734,,,,,,,
10/04/2000,10,14,19,43,46,49,2,4298852,,,,,,,
09/30/2000,12,15,27,32,40,44,35,11581182,,,,,,,
09/27/2000,4,10,24,28,40,47,25,3837663,,,,,,,
09/23/2000,6,16,18,32,35,45,46,7544515,,,,,,,
09/20/2000,7,25,30,34,38,39,28,4218266,,,,,,,
09/16/2000,4,22,23,26,42,47,5,20000000,,,,,,,
09/13/2000,14,20,25,32,47,49,34,4426166,,,,,,,
09/09/2000,3,4,24,25,35,43,7,7382536,,,,,,,
09/06/2000,6,7,11,23,32,44,34,3011065,,,,,,,
09/02/2000,11,12,21,31,36,40,22,7314840,,,,,,,
08/30/2000,13,21,24,38,40,41,9,4293145,,,,,,,
08/26/2000,4,11,16,29,34,35,13,7549035,,,,,,,
08/23/2000,3,31,32,37,38,47,20,13667156,,,,,,,
08/19/2000,5,22,34,38,43,46,9,7507235,,,,,,,
08/16/2000,11,24,33,34,37,45,43,4236992,,,,,,,
12/08/2000,6,31,35,36,43,46,33,8291600,,,,,,,
09/08/2000,10,14,32,35,36,43,37,4405206,,,,,,,
05/08/2000,1,3,35,37,39,48,26,13861061,,,,,,,
02/08/2000,26,35,38,39,44,46,1,4557029,,,,,,,
07/29/2000,29,30,33,37,45,48,15,13262874,,,,,,,
07/26/2000,2,28,29,40,43,47,30,4259148,,,,,,,
07/22/2000,13,16,43,45,47,48,36,13152318,,,,,,,
07/19/2000,16,23,31,33,38,41,20,4100047,,,,,,,
07/15/2000,1,2,7,35,39,44,14,7548004,,,,,,,
07/12/2000,4,12,21,27,41,49,40,13852529,,,,,,,
07/08/2000,21,30,35,38,41,46,26,8312898,,,,,,,
07/05/2000,6,11,19,23,25,28,35,11573625,,,,,,,
07/01/2000,11,16,22,39,42,48,38,7248915,,,,,,,
06/28/2000,8,10,27,38,40,46,3,3844344,,,,,,,
06/24/2000,6,9,32,34,42,48,4,7033499,,,,,,,
06/21/2000,1,10,24,33,37,46,4,4190283,,,,,,,
06/17/2000,4,22,24,25,40,43,6,7362116,,,,,,,
06/14/2000,4,7,23,24,26,38,3,3336680,,,,,,,
06/10/2000,1,14,15,35,44,47,34,7840923,,,,,,,
06/07/2000,2,5,20,24,28,39,21,3690387,,,,,,,
06/03/2000,3,8,19,35,36,48,21,7227090,,,,,,,
05/31/2000,1,11,14,19,38,44,45,3563374,,,,,,,
05/27/2000,21,23,33,34,43,45,40,7381732,,,,,,,
05/24/2000,6,8,21,36,38,46,33,4225710,,,,,,,
05/20/2000,7,11,18,21,25,44,28,5012073,,,,,,,
05/17/2000,1,10,11,15,21,48,7,19906724,,,,,,,
05/13/2000,6,30,35,42,44,45,33,12956058,,,,,,,
05/10/2000,10,18,29,37,38,46,4,3996369,,,,,,,
05/06/2000,2,3,30,31,41,45,23,8030633,,,,,,,
05/03/2000,5,6,24,36,38,48,15,3974333,,,,,,,
04/29/2000,15,16,19,27,29,42,24,6702652,,,,,,,
04/26/2000,4,9,14,28,36,39,6,3520494,,,,,,,
04/22/2000,26,31,35,43,48,49,38,8890009,,,,,,,
04/19/2000,1,3,7,19,29,44,25,2838972,,,,,,,
04/15/2000,2,23,28,31,46,48,42,20000000,,,,,,,
04/12/2000,9,12,19,22,26,34,44,15000000,,,,,,,
04/08/2000,18,23,30,46,47,49,31,13700000,,,,,,,
04/05/2000,2,3,7,10,40,48,37,3717385,,,,,,,
04/01/2000,3,11,19,25,29,30,16,10293450,,,,,,,
03/29/2000,11,18,20,23,28,32,15,3562243,,,,,,,
03/25/2000,15,22,23,27,32,37,43,12304656,,,,,,,
03/22/2000,6,18,20,33,36,40,10,4082440,,,,,,,
03/18/2000,5,8,15,16,22,39,31,6473428,,,,,,,
03/15/2000,7,12,25,28,30,40,37,12470286,,,,,,,
03/11/2000,7,12,37,42,46,49,9,7648327,,,,,,,
03/08/2000,6,18,22,32,36,46,24,4094127,,,,,,,
03/04/2000,11,13,19,26,28,47,8,6656450,,,,,,,
03/01/2000,4,8,10,12,15,30,34,3110130,,,,,,,
02/26/2000,3,5,6,8,16,45,1,6769806,,,,,,,
02/23/2000,11,17,18,20,39,47,43,4170200,,,,,,,
02/19/2000,1,5,11,32,43,46,38,7722697,,,,,,,
02/16/2000,6,7,12,16,19,42,18,3259558,,,,,,,
02/12/2000,4,6,12,17,18,19,37,6073920,,,,,,,
02/09/2000,3,6,14,19,32,41,35,14500018,,,,,,,
02/05/2000,21,38,40,46,47,49,48,8947604,,,,,,,
02/02/2000,10,30,31,32,39,42,25,4358085,,,,,,,
01/29/2000,5,7,17,21,27,48,37,5587666,,,,,,,
01/26/2000,6,14,21,28,41,43,30,3797372,,,,,,,
01/22/2000,7,9,10,40,41,44,14,7649520,,,,,,,
01/19/2000,4,16,17,43,46,48,5,4521663,,,,,,,
01/15/2000,10,12,16,17,31,47,21,7669648,,,,,,,
01/12/2000,3,10,14,17,19,27,49,30554181,,,,,,,
01/08/2000,13,18,32,34,39,41,2,23313361,,,,,,,
01/05/2000,5,22,25,30,31,33,7,3313361,,,,,,,
01/01/2000,2,5,14,23,27,48,38,5851945,,,,,,,
12/29/1999,16,26,33,36,39,47,43,4268328,,,,,,,
"12/24/1999",2,21,23,24,25,35,38,12951111,,,,,,,
12/22/1999,29,32,39,46,47,49,24,4320468,,,,,,,
12/18/1999,6,7,12,13,18,29,25,5723376,,,,,,,
12/15/1999,4,9,16,35,43,44,27,3619782,,,,,,,
12/11/1999,5,9,27,37,43,46,28,10903878,,,,,,,
12/08/1999,7,10,11,26,31,33,39,3204154,,,,,,,
12/04/1999,16,23,25,31,35,47,48,7771206,,,,,,,
12/01/1999,28,36,37,38,42,47,23,4172678,,,,,,,
11/27/1999,8,10,22,46,47,49,32,8252958,,,,,,,
11/24/1999,1,12,16,33,34,44,37,3870801,,,,,,,
11/20/1999,7,9,15,20,29,34,6,20000000,,,,,,,
11/17/1999,2,6,23,31,33,36,20,3874853,,,,,,,
11/13/1999,7,10,21,28,29,39,2,6240358,,,,,,,
11/10/1999,2,10,18,19,28,35,26,3288384,,,,,,,
11/06/1999,8,10,23,34,36,46,2,7874184,,,,,,,
11/03/1999,3,22,25,31,35,37,48,3988576,,,,,,,
10/30/1999,10,15,17,27,44,47,14,6540564,,,,,,,
10/27/1999,4,9,13,22,25,32,3,3130136,,,,,,,
10/23/1999,4,8,10,15,25,39,49,6856746,,,,,,,
10/20/1999,9,18,27,29,33,43,48,2949115,,,,,,,
10/16/1999,11,25,27,31,40,41,12,11550350,,,,,,,
10/13/1999,3,19,23,29,33,34,10,3396881,,,,,,,
10/09/1999,8,15,26,29,38,46,12,7469583,,,,,,,
10/06/1999,9,13,19,21,30,45,37,3435264,,,,,,,
10/02/1999,3,14,28,37,38,49,33,7173623,,,,,,,
09/29/1999,1,3,8,33,39,43,49,3678446,,,,,,,
09/25/1999,18,20,26,30,43,49,36,10000000,,,,,,,
09/22/1999,6,16,21,28,37,44,15,3547464,,,,,,,
09/18/1999,5,11,15,18,23,33,38,10000000,,,,,,,
09/15/1999,9,14,27,30,32,49,3,3777460,,,,,,,
09/11/1999,2,4,16,21,29,46,5,10000002,,,,,,,
09/08/1999,8,10,17,22,36,38,34,3522549,,,,,,,
09/04/1999,3,5,7,10,14,20,16,10000000,,,,,,,
09/01/1999,3,5,19,27,39,49,15,3220396,,,,,,,
08/28/1999,6,14,15,17,27,47,29,6862953,,,,,,,
08/25/1999,1,8,20,22,36,48,11,4087678,,,,,,,
08/21/1999,12,15,16,17,42,48,45,12824100,,,,,,,
08/18/1999,6,8,13,34,38,45,17,4035865,,,,,,,
08/14/1999,1,9,18,24,38,44,26,11509730,,,,,,,
11/08/1999,1,15,22,38,39,48,25,4326078,,,,,,,
07/08/1999,4,7,19,22,24,46,47,6426302,,,,,,,
04/08/1999,3,4,9,29,31,36,41,3435486,,,,,,,
07/31/1999,12,26,27,32,46,49,42,8054456,,,,,,,
07/28/1999,3,14,30,32,46,49,10,4270241,,,,,,,
07/24/1999,8,25,26,37,38,48,24,7579822,,,,,,,
07/21/1999,12,17,26,32,33,46,4,4095236,,,,,,,
07/17/1999,3,15,23,42,45,48,46,20000004,,,,,,,
07/14/1999,1,15,21,37,41,42,43,5639842,,,,,,,
07/10/1999,5,7,15,26,35,40,45,6476320,,,,,,,
07/07/1999,4,6,8,41,43,44,28,3972175,,,,,,,
07/03/1999,11,17,28,36,42,44,37,5904198,,,,,,,
06/30/1999,2,14,19,25,32,49,31,3830984,,,,,,,
06/26/1999,2,17,18,23,30,40,43,7011826,,,,,,,
06/23/1999,8,11,18,30,33,43,34,3398955,,,,,,,
06/19/1999,4,6,20,24,41,42,38,7694079,,,,,,,
06/16/1999,17,21,25,37,38,45,5,4035538,,,,,,,
06/12/1999,3,18,21,23,36,49,47,12394765,,,,,,,
06/09/1999,8,10,12,34,46,48,20,4233498,,,,,,,
06/05/1999,11,20,24,28,35,48,33,8169785,,,,,,,
06/02/1999,17,23,27,34,36,37,12,3828164,,,,,,,
05/29/1999,3,7,9,12,43,44,45,10611918,,,,,,,
05/26/1999,14,22,26,29,33,46,10,4236783,,,,,,,
05/22/1999,8,11,14,24,26,49,45,7429320,,,,,,,
05/19/1999,1,2,5,27,38,49,41,3705088,,,,,,,
05/15/1999,4,14,18,24,27,40,33,6895480,,,,,,,
05/12/1999,8,9,26,29,38,47,44,3873312,,,,,,,
05/08/1999,1,12,24,31,33,47,7,7879390,,,,,,,
05/05/1999,7,13,17,22,39,44,18,3139720,,,,,,,
05/01/1999,7,20,24,31,33,40,49,20000000,,,,,,,
04/28/1999,15,23,24,36,43,49,11,4381725,,,,,,,
04/24/1999,3,8,11,25,46,47,30,7696085,,,,,,,
04/21/1999,3,12,22,31,44,46,45,3770742,,,,,,,
04/17/1999,3,16,28,29,41,46,6,8185387,,,,,,,
04/14/1999,5,9,12,25,30,32,38,3044226,,,,,,,
04/10/1999,10,18,25,32,35,36,2,8082214,,,,,,,
04/07/1999,10,15,23,27,29,46,38,4074606,,,,,,,
04/03/1999,3,7,9,15,40,43,11,6775713,,,,,,,
03/31/1999,1,5,12,24,26,38,11,3569796,,,,,,,
03/27/1999,9,25,30,36,44,48,2,7675788,,,,,,,
03/24/1999,13,21,27,32,45,48,22,4392588,,,,,,,
03/20/1999,13,17,25,29,45,49,28,13422717,,,,,,,
03/17/1999,1,7,29,38,45,46,35,4410472,,,,,,,
03/13/1999,1,2,15,17,24,44,22,7379860,,,,,,,
03/10/1999,8,18,27,32,36,49,46,4155692,,,,,,,
03/06/1999,8,32,33,37,43,47,45,8320209,,,,,,,
03/03/1999,20,22,24,25,36,40,1,14275044,,,,,,,
02/27/1999,1,7,13,15,38,43,47,7505165,,,,,,,
02/24/1999,2,3,13,27,34,48,41,3806736,,,,,,,
02/20/1999,3,9,17,23,29,40,44,6035601,,,,,,,
02/17/1999,2,22,31,32,40,42,33,4189221,,,,,,,
02/13/1999,5,23,26,27,47,49,48,8198811,,,,,,,
02/10/1999,2,20,21,33,35,49,32,4616142,,,,,,,
02/06/1999,2,17,23,38,40,49,10,8197250,,,,,,,
02/03/1999,3,16,18,24,39,47,17,4198436,,,,,,,
01/30/1999,7,19,32,37,40,44,47,7407672,,,,,,,
01/27/1999,2,3,6,20,21,22,11,3959720,,,,,,,
01/23/1999,1,8,10,17,32,47,2,7868414,,,,,,,
01/20/1999,4,8,14,19,28,40,12,3486888,,,,,,,
01/16/1999,11,26,28,32,41,42,44,8175764,,,,,,,
01/13/1999,6,25,27,35,42,48,15,4233785,,,,,,,
01/09/1999,1,15,23,34,37,40,45,8901834,,,,,,,
01/06/1999,2,11,18,21,23,47,27,3827728,,,,,,,
01/02/1999,4,31,33,38,41,46,22,9305051,,,,,,,
12/30/1998,3,13,18,24,34,49,33,4329489,,,,,,,
12/26/1998,2,8,11,32,35,41,4,7724025,,,,,,,
12/23/1998,4,12,18,30,38,47,20,4123360,,,,,,,
12/19/1998,9,10,18,25,28,48,34,11861245,,,,,,,
12/16/1998,11,19,20,24,29,40,9,4136006,,,,,,,
12/12/1998,26,28,38,39,41,46,25,9110738,,,,,,,
12/09/1998,1,7,39,40,45,49,38,4688890,,,,,,,
12/05/1998,4,7,23,26,27,35,28,7254452,,,,,,,
12/02/1998,7,11,16,28,37,49,30,3774468,,,,,,,
11/28/1998,4,25,26,30,37,45,46,14003369,,,,,,,
11/25/1998,4,8,30,37,39,43,31,4379707,,,,,,,
11/21/1998,7,9,17,22,38,49,47,25000000,,,,,,,
11/18/1998,2,8,12,30,35,47,39,4205382,,,,,,,
11/14/1998,7,11,12,17,23,39,42,6173842,,,,,,,
11/11/1998,5,11,19,25,29,49,12,3426592,,,,,,,
11/07/1998,13,24,25,31,32,44,43,7222608,,,,,,,
11/04/1998,2,9,11,23,24,42,27,3153555,,,,,,,
10/31/1998,5,9,12,14,18,38,35,6041607,,,,,,,
10/28/1998,1,2,7,17,31,49,41,3828765,,,,,,,
10/24/1998,6,8,15,23,26,41,49,7561576,,,,,,,
10/21/1998,3,11,15,41,42,48,26,4332863,,,,,,,
10/17/1998,3,25,36,37,41,45,9,8904558,,,,,,,
10/14/1998,1,2,5,15,41,45,24,4221210,,,,,,,
10/10/1998,11,13,21,26,43,46,38,8388856,,,,,,,
10/07/1998,2,12,24,29,30,33,41,3950249,,,,,,,
10/03/1998,1,11,18,19,22,32,41,12096998,,,,,,,
09/30/1998,10,12,14,28,31,38,27,3626121,,,,,,,
09/26/1998,6,15,18,29,35,40,49,8261120,,,,,,,
09/23/1998,9,11,14,26,28,39,27,13951322,,,,,,,
09/19/1998,24,26,27,28,34,40,9,9150559,,,,,,,
09/16/1998,18,25,28,36,40,45,43,4090444,,,,,,,
09/12/1998,3,15,23,25,28,33,29,11037408,,,,,,,
09/09/1998,1,2,9,27,28,32,25,3690059,,,,,,,
09/05/1998,9,10,11,27,42,47,8,7127275,,,,,,,
09/02/1998,7,19,27,33,39,43,9,3240016,,,,,,,
08/29/1998,10,12,37,42,44,45,20,7942131,,,,,,,
08/26/1998,3,20,26,27,30,43,45,4068476,,,,,,,
08/22/1998,2,10,11,27,32,38,6,7503000,,,,,,,
08/19/1998,5,27,34,44,46,48,49,4122950,,,,,,,
08/15/1998,3,5,15,22,31,35,47,7054288,,,,,,,
12/08/1998,12,21,23,25,44,49,20,3981777,,,,,,,
08/08/1998,2,5,17,21,45,47,25,7673400,,,,,,,
05/08/1998,13,35,38,40,42,47,34,4550122,,,,,,,
01/08/1998,12,14,31,41,48,49,6,9316974,,,,,,,
07/29/1998,1,7,23,29,38,48,2,3944306,,,,,,,
07/25/1998,18,25,36,38,43,44,19,8064836,,,,,,,
07/22/1998,28,34,38,39,46,47,21,4885147,,,,,,,
07/18/1998,3,11,20,33,42,44,36,12171756,,,,,,,
07/15/1998,1,15,23,31,35,39,14,4460588,,,,,,,
07/11/1998,3,14,23,30,39,43,32,20000004,,,,,,,
07/08/1998,12,13,21,23,33,36,14,15000000,,,,,,,
07/04/1998,9,15,25,29,32,49,14,13098698,,,,,,,
07/01/1998,17,18,28,40,44,46,29,4053759,,,,,,,
06/27/1998,7,9,11,23,30,43,35,6145794,,,,,,,
06/24/1998,2,14,19,25,26,33,18,3770914,,,,,,,
06/20/1998,1,14,27,31,38,47,32,8276359,,,,,,,
06/17/1998,2,10,16,17,20,27,39,3592974,,,,,,,
06/13/1998,2,7,10,15,27,45,31,7028808,,,,,,,
06/10/1998,2,9,26,28,33,46,21,4117415,,,,,,,
06/06/1998,1,15,23,31,42,48,5,8643755,,,,,,,
06/03/1998,1,17,18,23,33,41,42,4187442,,,,,,,
05/30/1998,2,3,14,29,38,40,43,8370180,,,,,,,
05/27/1998,8,13,15,26,39,42,33,10000002,,,,,,,
05/23/1998,8,20,24,35,43,47,32,20000000,,,,,,,
05/20/1998,11,15,31,35,36,42,10,4464612,,,,,,,
05/16/1998,2,4,6,10,34,44,21,11879816,,,,,,,
05/13/1998,3,13,16,23,41,42,21,3774526,,,,,,,
05/09/1998,2,9,25,26,35,40,47,8485804,,,,,,,
05/06/1998,6,7,14,19,22,27,9,2955369,,,,,,,
05/02/1998,2,4,16,24,29,49,47,8355262,,,,,,,
04/29/1998,12,15,28,34,36,40,1,10000000,,,,,,,
04/25/1998,17,22,36,38,43,48,16,13009185,,,,,,,
04/22/1998,3,7,9,10,12,37,46,3321191,,,,,,,
04/18/1998,1,13,29,31,33,42,9,8209684,,,,,,,
04/15/1998,1,12,18,26,29,36,2,4006812,,,,,,,
04/11/1998,7,10,31,35,43,44,37,8235083,,,,,,,
04/08/1998,9,22,37,41,43,47,14,4317519,,,,,,,
04/04/1998,5,19,24,33,38,48,20,14000744,,,,,,,
04/01/1998,1,2,24,36,37,38,31,4955119,,,,,,,
03/28/1998,11,13,23,28,29,37,8,7248380,,,,,,,
03/25/1998,1,6,10,25,31,45,8,3963536,,,,,,,
03/21/1998,2,15,23,26,41,43,5,8979945,,,,,,,
03/18/1998,12,25,31,39,46,47,1,4627218,,,,,,,
03/14/1998,2,15,18,26,36,38,42,8825430,,,,,,,
03/11/1998,16,22,23,28,33,37,17,4202319,,,,,,,
03/07/1998,4,11,14,39,43,44,37,8041928,,,,,,,
03/04/1998,6,28,30,34,41,45,12,4796128,,,,,,,
02/28/1998,1,7,15,18,30,31,9,8047711,,,,,,,
02/25/1998,9,21,27,36,42,48,13,4117324,,,,,,,
02/21/1998,2,16,25,27,37,45,10,8777482,,,,,,,
02/18/1998,1,5,10,13,25,32,48,3727398,,,,,,,
02/14/1998,8,13,14,17,20,28,10,13010178,,,,,,,
02/11/1998,11,32,38,42,46,49,26,4818061,,,,,,,
02/07/1998,9,25,27,31,42,45,24,7896055,,,,,,,
02/04/1998,13,17,32,35,42,45,20,4464952,,,,,,,
01/31/1998,17,22,30,40,46,48,10,9783756,,,,,,,
01/28/1998,4,12,15,31,32,47,14,4487998,,,,,,,
01/24/1998,1,4,6,14,24,49,22,8441368,,,,,,,
01/21/1998,5,12,24,35,36,38,34,4188424,,,,,,,
01/17/1998,14,31,33,38,46,48,26,15804728,,,,,,,
01/14/1998,20,27,28,31,33,41,38,4742341,,,,,,,
01/10/1998,3,10,11,27,47,49,8,8387223,,,,,,,
01/07/1998,7,14,25,32,36,38,44,4242546,,,,,,,
01/03/1998,1,13,26,28,35,45,30,9222525,,,,,,,
12/31/1997,8,13,18,21,23,29,30,4257474,,,,,,,
12/27/1997,14,21,28,31,40,46,9,8605131,,,,,,,
12/24/1997,5,6,11,29,36,41,47,4983028,,,,,,,
12/20/1997,1,2,7,26,34,38,14,25000000,,,,,,,
12/17/1997,17,35,36,43,46,49,7,4825949,,,,,,,
12/13/1997,3,4,11,14,30,32,46,8121990,,,,,,,
12/10/1997,4,17,22,29,38,48,20,4000638,,,,,,,
12/06/1997,5,9,19,21,30,49,43,13286958,,,,,,,
12/03/1997,1,8,36,39,47,49,37,4950579,,,,,,,
11/29/1997,2,8,21,29,46,47,28,9404844,,,,,,,
11/26/1997,5,11,19,23,24,47,17,3903086,,,,,,,
11/22/1997,8,14,24,28,39,45,29,25000001,,,,,,,
11/19/1997,22,27,33,42,46,47,32,15000000,,,,,,,
11/15/1997,11,14,23,32,34,35,41,10000002,,,,,,,
11/12/1997,3,6,8,27,36,45,47,14770980,,,,,,,
11/08/1997,5,24,34,37,40,48,33,9082996,,,,,,,
11/05/1997,1,4,6,9,32,38,46,4049432,,,,,,,
11/01/1997,9,10,14,16,37,39,28,8837967,,,,,,,
10/29/1997,2,4,25,32,33,45,31,4295614,,,,,,,
10/25/1997,10,21,27,38,40,44,34,8085272,,,,,,,
10/22/1997,1,8,9,14,24,35,33,4053501,,,,,,,
10/18/1997,4,9,25,28,32,46,47,8561012,,,,,,,
10/15/1997,11,17,30,35,39,45,47,5000000,,,,,,,
10/11/1997,15,17,18,27,34,40,29,8548888,,,,,,,
10/08/1997,3,4,7,23,34,43,15,5000000,,,,,,,
10/04/1997,12,19,28,36,40,46,38,8707888,,,,,,,
10/01/1997,8,12,17,35,38,49,25,5000001,,,,,,,
09/27/1997,15,21,29,32,33,40,42,27175825,,,,,,,
09/24/1997,12,14,29,31,32,44,46,13500000,,,,,,,
09/20/1997,9,30,38,40,43,44,31,8500000,,,,,,,
09/17/1997,7,20,21,22,40,44,4,5000000,,,,,,,
09/13/1997,1,2,5,31,32,40,44,9164428,,,,,,,
09/10/1997,20,31,32,35,43,45,5,5000000,,,,,,,
09/07/1997,20,22,26,36,40,41,16,14126168,,,,,,,
09/03/1997,10,14,22,30,38,43,25,5000000,,,,,,,
08/30/1997,6,20,30,33,38,46,42,9461240,,,,,,,
08/27/1997,1,7,22,25,31,47,20,5000000,,,,,,,
08/23/1997,4,10,25,36,44,47,29,8114202,,,,,,,
08/20/1997,8,20,27,28,36,41,30,5000000,,,,,,,
08/16/1997,2,9,19,20,38,49,11,8282620,,,,,,,
08/13/1997,5,10,17,29,41,43,45,5000001,,,,,,,
09/08/1997,1,18,20,25,30,31,44,14322615,,,,,,,
06/08/1997,3,5,6,20,45,49,31,5000000,,,,,,,
02/08/1997,2,16,28,37,43,47,31,8322605,,,,,,,
07/30/1997,3,6,12,19,44,45,20,5000000,,,,,,,
07/26/1997,9,15,20,27,30,41,31,8201493,,,,,,,
07/23/1997,4,11,21,27,28,34,16,5000000,,,,,,,
07/19/1997,7,19,36,44,45,47,4,7935540,,,,,,,
07/16/1997,8,18,23,26,35,45,3,5000000,,,,,,,
07/12/1997,4,9,27,37,44,45,7,7374316,,,,,,,
07/09/1997,3,5,13,22,24,43,23,13201260,,,,,,,
07/05/1997,1,4,11,36,43,44,41,8895584,,,,,,,
07/02/1997,6,10,18,22,41,45,29,14378924,,,,,,,
06/28/1997,2,9,14,36,43,48,27,8917762,,,,,,,
06/25/1997,12,17,27,28,38,40,6,5000001,,,,,,,
06/21/1997,1,17,26,27,30,44,47,8525181,,,,,,,
06/18/1997,4,14,19,23,25,48,42,5000000,,,,,,,
06/14/1997,3,8,10,16,43,44,34,13680570,,,,,,,
06/11/1997,10,31,33,40,42,44,20,5000000,,,,,,,
06/07/1997,12,14,21,25,30,40,3,12521760,,,,,,,
06/04/1997,18,19,21,30,34,44,6,3643650,,,,,,,
05/31/1997,2,5,9,28,29,45,49,7242540,,,,,,,
05/28/1997,3,19,24,25,36,48,17,3702636,,,,,,,
05/24/1997,3,21,23,25,26,33,24,12353263,,,,,,,
05/21/1997,5,8,21,38,39,49,34,3829208,,,,,,,
05/17/1997,2,9,13,18,27,48,24,6622040,,,,,,,
05/14/1997,2,8,16,21,29,37,22,3437021,,,,,,,
05/10/1997,12,19,22,23,25,44,2,7264654,,,,,,,
05/07/1997,12,19,28,31,34,43,40,3209696,,,,,,,
05/03/1997,6,20,29,31,35,40,21,9512277,,,,,,,
04/30/1997,8,10,16,17,24,40,13,3272499,,,,,,,
04/26/1997,6,10,14,25,27,38,5,7988346,,,,,,,
04/23/1997,8,12,17,23,34,43,36,2919025,,,,,,,
04/19/1997,1,14,16,25,32,37,11,9544366,,,,,,,
04/16/1997,3,6,9,19,37,48,25,3332228,,,,,,,
04/12/1997,9,27,29,37,42,44,21,6881592,,,,,,,
04/09/1997,6,22,35,42,45,49,16,3922010,,,,,,,
04/05/1997,1,3,28,31,41,46,33,9926050,,,,,,,
04/02/1997,5,10,17,25,40,43,8,3453554,,,,,,,
03/29/1997,17,19,31,36,39,40,25,14113956,,,,,,,
03/26/1997,24,33,42,43,44,47,17,3707127,,,,,,,
03/22/1997,14,27,39,40,41,43,21,13986252,,,,,,,
03/19/1997,13,16,17,29,40,48,32,4004305,,,,,,,
03/15/1997,7,24,37,39,40,43,15,9049638,,,,,,,
03/12/1997,3,4,5,16,22,25,12,3334220,,,,,,,
03/08/1997,5,12,20,29,39,42,22,8280030,,,,,,,
03/05/1997,7,12,20,24,28,43,45,3400685,,,,,,,
03/01/1997,2,8,23,33,42,49,14,8170000,,,,,,,
02/26/1997,2,34,36,38,44,46,40,7000000,,,,,,,
02/22/1997,1,5,8,9,23,27,22,7335320,,,,,,,
02/19/1997,9,11,19,36,39,41,13,7000000,,,,,,,
02/15/1997,7,14,21,34,38,47,13,8115736,,,,,,,
02/12/1997,5,14,23,29,38,45,47,10000008,,,,,,,
02/08/1997,9,13,27,30,36,47,15,8833684,,,,,,,
02/05/1997,9,25,28,29,31,35,37,9999999,,,,,,,
02/01/1997,12,16,20,28,36,48,34,22612653,,,,,,,
01/25/1997,1,24,28,31,35,47,9,11407818,,,,,,,
01/18/1997,3,21,22,26,31,48,43,10536825,,,,,,,
01/11/1997,4,11,16,18,35,43,39,9824900,,,,,,,
01/04/1997,11,13,14,27,40,41,23,10166760,,,,,,,
12/28/1996,8,10,20,27,31,39,30,9802120,,,,,,,
12/21/1996,5,26,35,38,42,45,46,10333522,,,,,,,
12/14/1996,12,24,33,34,42,47,44,9115743,,,,,,,
12/07/1996,6,13,17,22,42,47,30,8957796,,,,,,,
11/30/1996,4,5,12,25,26,49,48,9641466,,,,,,,
11/23/1996,16,33,34,43,46,49,47,11713905,,,,,,,
11/16/1996,1,5,16,18,37,42,24,22088524,,,,,,,
11/09/1996,8,24,27,41,43,49,5,10461156,,,,,,,
11/02/1996,7,23,32,35,43,48,25,9467172,,,,,,,
10/26/1996,1,3,9,20,30,35,36,23526874,,,,,,,
10/19/1996,10,13,31,34,39,48,33,11100495,,,,,,,
10/12/1996,15,16,25,30,39,45,14,10679645,,,,,,,
10/05/1996,6,9,25,45,47,48,14,10879362,,,,,,,
09/28/1996,19,23,26,31,36,39,3,10628224,,,,,,,
09/21/1996,7,8,12,30,35,41,47,10101049,,,,,,,
09/14/1996,2,9,10,11,38,48,1,9777880,,,,,,,
09/07/1996,5,13,15,18,32,44,41,8132055,,,,,,,
08/31/1996,3,5,14,27,44,47,43,8522451,,,,,,,
08/24/1996,8,11,14,18,33,44,34,7665700,,,,,,,
08/17/1996,2,28,33,39,42,44,46,8944124,,,,,,,
10/08/1996,3,23,36,38,41,45,44,10551982,,,,,,,
03/08/1996,13,17,26,28,31,36,44,9721592,,,,,,,
07/27/1996,2,13,19,21,32,45,9,9612960,,,,,,,
07/20/1996,6,14,20,25,34,44,45,9987229,,,,,,,
07/13/1996,5,10,11,12,41,42,2,21901212,,,,,,,
07/06/1996,13,26,43,44,45,47,36,11124766,,,,,,,
06/29/1996,4,17,27,34,35,46,7,10424146,,,,,,,
06/22/1996,3,4,7,11,17,40,20,19436049,,,,,,,
06/15/1996,13,18,25,44,46,47,34,10524718,,,,,,,
06/08/1996,11,15,17,25,32,46,29,9815416,,,,,,,
06/01/1996,24,35,36,37,39,45,20,11657216,,,,,,,
05/25/1996,8,20,26,34,42,43,25,10273770,,,,,,,
05/18/1996,4,12,13,33,40,46,41,10248233,,,,,,,
05/11/1996,7,10,12,22,34,48,11,8921520,,,,,,,
05/04/1996,6,25,26,33,34,47,49,21806396,,,,,,,
04/27/1996,4,6,11,18,31,48,41,9217249,,,,,,,
04/20/1996,9,28,29,31,40,48,23,10370612,,,,,,,
04/13/1996,23,38,40,44,47,49,12,11509821,,,,,,,
04/06/1996,1,4,6,14,17,38,9,21226575,,,,,,,
03/30/1996,12,26,27,28,37,49,43,10279220,,,,,,,
03/23/1996,5,7,14,18,30,43,28,7901163,,,,,,,
03/16/1996,2,12,19,28,38,48,45,8313963,,,,,,,
03/09/1996,14,16,29,30,37,45,7,10601616,,,,,,,
03/02/1996,9,11,12,24,41,45,6,10445952,,,,,,,
02/24/1996,2,5,7,24,35,44,30,8951860,,,,,,,
02/17/1996,4,14,15,16,18,22,33,10320770,,,,,,,
02/10/1996,4,11,14,15,28,42,6,9294294,,,,,,,
02/03/1996,2,9,22,26,32,44,40,9752856,,,,,,,
01/27/1996,16,17,38,41,42,43,28,40223600,,,,,,,
01/20/1996,5,23,25,30,33,37,3,23851380,,,,,,,
01/13/1996,21,29,31,32,34,48,25,12537861,,,,,,,
01/06/1996,2,3,4,13,42,44,24,42008610,,,,,,,
12/30/1995,6,32,39,42,43,45,36,23966033,,,,,,,
12/23/1995,6,11,34,40,47,49,16,11730015,,,,,,,
12/16/1995,7,8,23,28,35,49,10,8214495,,,,,,,
12/09/1995,5,11,12,26,29,33,20,8113998,,,,,,,
12/02/1995,15,16,19,26,35,46,7,10613401,,,,,,,
11/25/1995,16,23,28,30,42,46,45,10016415,,,,,,,
11/18/1995,4,7,18,33,45,48,1,8510060,,,,,,,
11/11/1995,7,10,23,28,30,48,3,8500795,,,,,,,
11/04/1995,6,14,18,27,44,48,1,8395869,,,,,,,
10/28/1995,7,16,27,33,35,44,5,7971760,,,,,,,
10/21/1995,2,6,17,19,21,47,5,8973786,,,,,,,
10/14/1995,4,5,9,25,30,47,17,9457715,,,,,,,
10/07/1995,10,22,28,30,36,37,45,9268251,,,,,,,
09/30/1995,10,11,29,32,33,40,16,9981262,,,,,,,
09/23/1995,5,10,19,24,34,46,28,9638200,,,,,,,
09/16/1995,2,10,14,25,37,41,5,21449536,,,,,,,
09/09/1995,2,12,20,22,41,45,47,9682292,,,,,,,
09/02/1995,1,15,22,28,40,49,44,9943556,,,,,,,
08/26/1995,16,18,21,27,38,41,26,8939036,,,,,,,
08/19/1995,5,8,23,24,28,48,19,19111650,,,,,,,
12/08/1995,11,25,28,33,34,47,48,9923276,,,,,,,
05/08/1995,1,8,25,30,35,45,15,10256050,,,,,,,
07/29/1995,28,34,41,45,46,49,11,11373276,,,,,,,
07/22/1995,2,3,21,22,23,40,24,10007976,,,,,,,
07/15/1995,1,4,20,31,41,43,38,11215676,,,,,,,
07/08/1995,1,3,11,14,20,40,45,20088838,,,,,,,
07/01/1995,5,7,8,25,44,48,3,8849765,,,,,,,
06/24/1995,5,15,21,42,43,45,20,9896801,,,,,,,
06/17/1995,27,30,33,38,40,48,2,10368834,,,,,,,
06/10/1995,12,15,26,44,46,49,14,22590829,,,,,,,
06/03/1995,1,21,29,31,32,40,27,10326358,,,,,,,
05/27/1995,12,13,25,37,44,45,9,19874853,,,,,,,
05/20/1995,15,16,17,28,32,46,22,9467258,,,,,,,
05/13/1995,7,16,25,26,28,41,19,8526354,,,,,,,
05/06/1995,5,14,17,35,43,48,22,9292245,,,,,,,
04/29/1995,9,15,22,31,34,48,23,18983650,,,,,,,
04/22/1995,8,18,20,33,36,38,46,8554300,,,,,,,
04/15/1995,1,4,6,23,26,49,8,9769624,,,,,,,
04/08/1995,14,17,22,24,42,47,34,8074641,,,,,,,
04/01/1995,22,25,30,32,41,43,29,22271424,,,,,,,
03/25/1995,4,17,41,42,44,49,24,10162332,,,,,,,
03/18/1995,9,18,19,24,31,41,21,7975572,,,,,,,
03/11/1995,2,13,22,27,29,46,36,13055760,,,,,,,
03/04/1995,11,12,17,26,36,42,13,8807149,,,,,,,
02/25/1995,5,8,10,18,31,33,28,7056280,,,,,,,
02/18/1995,16,19,21,29,36,45,43,8883198,,,,,,,
02/11/1995,15,18,29,35,38,48,5,9015108,,,,,,,
02/04/1995,1,7,37,38,42,46,20,10350387,,,,,,,
01/28/1995,4,16,25,26,31,43,21,9174512,,,,,,,
01/21/1995,6,16,20,30,31,47,4,9614997,,,,,,,
01/14/1995,7,17,23,32,38,42,48,16293830,,,,,,,
01/07/1995,2,5,21,22,25,32,46,10000000,,,,,,,
12/31/1994,9,17,32,36,42,44,16,6554085,,,,,,,
12/24/1994,2,3,27,29,39,44,6,7789557,,,,,,,
12/17/1994,3,5,9,13,14,38,30,6806620,,,,,,,
12/10/1994,26,35,38,43,47,49,28,17880003,,,,,,,
12/03/1994,11,17,21,29,30,40,31,6906572,,,,,,,
11/26/1994,6,12,15,16,31,44,37,7043864,,,,,,,
11/19/1994,3,5,14,22,30,44,10,5874778,,,,,,,
